,0,1,2,3,4,5,6,7,8,9,10,11,12,13,14,15,16,17,18
10000,3872,2551,822,1279,126,,59,,,,,,7119,556,,,,,
10007,12631,,,284,84,,379,,,,,,2948,,,,,58,
10030,5402,271,4154,1885,,527,784,,,2724,,,547,,90,,,,
10033,13235,659,,320,,,172,,,,,,1818,,94,,,86,
10040,7250,,3954,,2216,1309,,,,482,,,,1173,,,,,
10041,3936,4984,1037,5420,830,,,,,,,,,177,,,,,
10054,6048,,3634,,73,594,,,,1035,,,,1606,,,3394,,
10056,4852,232,4958,,411,2539,2003,,,1389,,,,,,,,,
10057,7987,187,3624,650,,1759,,,,1367,,,,810,,,,,
10060,4105,7032,1405,1550,,,107,,,,181,,2004,,,,,,
10064,5972,2116,703,6437,491,,,,,,,,311,131,81,,142,,
10065,5744,7511,,2359,,,,,,,,,,,,,,770,
10068,6094,732,3247,,133,2439,,,,2487,1129,,,,123,,,,
10071,7172,3950,2477,155,404,291,357,,,830,,,376,213,159,,,,
10079,4239,5114,1610,2545,654,,270,,,,1153,,,464,335,,,,
10086,5597,859,5712,143,,,852,,,1426,,,1441,354,,,,,
10089,7567,191,4657,535,1081,1062,,,,895,,,,296,100,,,,
10094,7387,3346,1199,2570,58,,,,,,,,104,,1720,,,,
10105,8266,1327,2678,1329,,147,,,,1395,281,,110,811,,,40,,
10110,6286,1793,4001,,2104,469,,,,248,,,,881,178,,424,,
10118,5485,7097,276,2755,,,,,,,245,,,,,,,102,424
10120,5605,7947,,1757,,,,,,190,,,,,,98,,787,
10125,7076,8375,254,,,,,,,,,,256,,,,,423,
10129,4666,9595,688,54,,,,,,,,,,,,,,1381,
10130,5729,3992,2877,2033,,,,,,,,,77,,1244,,,432,
10131,7053,6350,840,1047,114,,,,,,,,,,,,54,926,
10133,8521,1503,1512,3750,,,,,,,275,,33,,477,,,313,
10136,4940,2572,3392,,2073,2133,,,,455,,,,550,269,,,,
10137,3373,6485,2692,3280,,,,,,,,,,,,,155,295,104
10139,9630,3000,730,1268,,458,258,,,,,,,,230,,,,810
10147,8187,3366,1623,526,,,822,,,,819,,,935,106,,,,
10151,4659,574,4719,630,488,3441,1149,,,419,,,,,305,,,,
10153,5226,3492,1884,3409,276,,,,,,,,,,169,,,1928,
10155,9794,3083,448,1032,1004,,,,,,,,853,,,,,170,
10157,6172,7151,1098,768,,,,,,,,,,,280,,35,880,
10158,5494,1311,5155,487,1758,1329,211,,,150,,,,,489,,,,
10172,14831,1092,,406,,,,,,,,,,,55,,,,
10174,3879,5932,95,2136,2802,1028,,,,,,,,,,,77,435,
10178,7645,1359,3353,1439,,894,,,,1261,,,98,,335,,,,
10180,6303,459,3562,1087,2205,1597,,,,1171,,,,,,,,,
10183,4041,4562,1597,3587,907,595,,,,,,,,,,,,1095,
10187,6247,5882,1626,935,,,,,,,,,,,1307,,,387,
10188,9408,,4325,,,,,,,1153,,,,516,982,,,,
10194,4400,3662,2963,3487,867,623,382,,,,,,,,,,,,
10200,8408,4429,966,1848,487,,,,,,,,,,,,78,,168
10205,5975,6279,379,568,1842,739,,,,,156,,,,,,446,,
10220,6724,1653,2643,2220,387,516,,,,1717,,,,,,,524,,
10222,4799,2669,5379,,,1510,378,,,1370,,,,,,,,279,
10224,8425,5323,,2291,,,141,,,,,,69,,,,,135,
10230,5255,6289,2658,1515,,,367,,,,,,,,,,,300,
10239,8548,483,3914,1046,76,1040,,,,527,,,,750,,,,,
10258,11035,304,2864,,1291,355,,,,224,,,,77,,,234,,
10262,8267,4259,614,1882,,,660,,,,,,,,283,,,419,
10267,3821,5358,1503,4721,,,,,,,,,,410,,,571,,
10279,4200,551,2793,308,6383,1878,,,,,,,,,271,,,,
10280,6166,3168,456,5539,,,503,,,,495,,,,,,57,,
10283,5847,2619,3648,1233,2038,,417,,,,,,294,,,,,288,
10289,7831,4371,319,544,,,,,,,1811,,,,1508,,,,
10292,5232,2120,2769,2222,1211,646,,,,426,,,,,204,,1554,,
10300,5053,6832,,2578,,,,,,,426,,,,1143,,352,,
10305,4688,2470,3846,1837,1395,2148,,,,,,,,,,,,,
10309,10932,1653,811,387,,1460,92,,,,1049,,,,,,,,
10321,4495,3581,2259,3149,2334,,566,,,,,,,,,,,,
10327,10958,3985,530,383,134,,,,,,,394,,,,,,,
10331,4741,6156,3927,525,,828,,,,,,,,207,,,,,
10333,3604,3483,3859,3219,717,,,,,,,,,,1195,,,307,
10347,6355,2597,1531,3702,1371,,,,,,,,,,828,,,,
10348,5359,2230,2912,3893,724,1071,,,,,,,,,,,,,195
10353,7277,6193,,1571,797,,,,,,,,,,546,,,,
10354,5413,448,1295,1823,,,403,,,,,,6724,278,,,,,
10359,6463,6033,1384,491,656,,,,,,,,,,1202,,155,,
10360,5341,6468,937,2266,986,,386,,,,,,,,,,,,
10361,6611,4704,991,2391,,176,,,,,,,,,1511,,,,
10366,3512,3488,1050,6039,702,817,,,,,,,,,573,,,203,
10374,6796,5110,,2922,1435,,,,,,,,,,,,,,121
10382,4175,4964,1705,5093,,,,,,,,,,447,,,,,
10384,4154,4600,2367,4897,,,,,,,,,,,234,,,132,
10392,5121,76,6431,898,,1429,,,,,,,,2429,,,,,
10398,7576,3724,3810,279,,384,,,,,,,,,,,521,90,
10399,5840,,5858,,642,1696,,,,2348,,,,,,,,,
10409,4492,6320,962,2142,232,399,,,,,,,,,117,,1720,,
10412,12663,,665,,1826,716,,,,,,,,,124,,,,390
10416,3616,9252,218,2938,,,,,,,,,,,,,,,360
10422,5645,8013,379,1745,102,367,,,,,,,,,,,,133,
10430,4955,3564,1510,3577,2161,491,,,,,126,,,,,,,,
10435,5159,6470,,3531,388,,371,,,,,,,,288,,177,,
10444,3295,6254,325,5844,,,666,,,,,,,,,,,,
10450,5702,6715,2122,,,650,1195,,,,,,,,,,,,
10451,7073,7297,,1113,,714,,,,,,,,,187,,,,
10455,6338,2518,5795,,1033,311,,,,,,,,,,,,389,
10456,5802,5137,3362,1732,,,,,,,,,,,351,,,,
10457,5930,,2326,297,997,4223,,,,1893,,,196,522,,,,,
10468,6589,6264,212,2188,416,,,,,,,,,,715,,,,
10471,6091,4775,1018,2109,1328,346,,,,,,,,,,,,717,
10472,13512,,1518,295,294,,,,,206,,,559,,,,,,
10473,8609,6203,940,,,,,,,,,,,,347,,,285,
10477,6108,6296,948,2162,,,,,,,425,,,,445,,,,
10485,5168,7689,286,2680,,,,,,,,,,,561,,,,
10491,4590,3892,1513,5690,,,699,,,,,,,,,,,,
10493,3903,4129,1704,5255,759,,,,,,,,,,634,,,,
10501,8545,4044,1299,1010,,568,,,,,,,,,579,,,339,
10506,3997,3475,4151,2337,818,1606,,,,,,,,,,,,,
10508,4632,7983,977,1176,542,940,,,,,,,,,,,,134,
10514,4566,7405,515,2795,512,,407,,,,,,184,,,,,,
10515,4996,6935,489,3248,666,,50,,,,,,,,,,,,
10529,6736,3937,2142,2875,,455,239,,,,,,,,,,,,
10532,6843,5364,154,3366,460,,,,,,,,,,197,,,,
20009,7918,,,,,,,2015,1745,,,1750,861,1554,,,541,,
20024,10551,589,207,,,,691,,2779,38,,,1089,75,44,,53,,268
20048,10543,5841,,,,,,,,,,,,,,,,,
20052,8481,64,,,480,,3413,1306,,,,1621,,,1019,,,,
20053,9906,2968,,72,,,260,244,229,,,1075,,76,1554,,,,
20067,9272,249,,,,,,,,,,,2896,400,2263,,1304,,
20069,8791,846,,,284,,310,483,3571,,,1772,48,,279,,,,
20076,10109,6275,,,,,,,,,,,,,,,,,
20078,11017,495,,,,,72,,932,,,299,441,,1821,,,,1307
20081,10753,834,380,,,,,777,,93,,2462,281,402,,151,,,251
20085,7383,,244,,,,,798,,,,2422,2930,,,,1573,,1034
20087,10894,2547,,478,134,,,577,75,,,1035,,,,,,,644
20091,11626,913,,161,,,,756,395,,,1752,47,,734,,,,
20097,12857,2961,,,,,,,424,,,,,,,,142,,
20098,11341,,,,,,,,1719,,,,,,,,3324,,
20103,8163,175,921,,,,,2445,,,,2200,1756,,724,,,,
20115,8148,272,,,,,,,96,,,,,,,,7750,,118
20116,9971,344,,,,,,,,,,1723,1416,,1830,,,,1100
20133,12150,133,,323,,,,1492,694,921,,599,,,72,,,,
20135,12705,305,,,,,,148,1046,,,,228,,312,,1640,,
20136,12909,,,,100,,,,42,,,1083,2119,,,,55,,76
20137,9196,484,48,,1064,,189,,3891,,,781,289,,337,,105,,
20146,10279,1003,,,433,,,1092,2197,,,776,278,39,287,,,,
20147,11442,47,144,,,,1608,,2922,,,,,,221,,,,
20148,9348,337,,,,,,,4273,,,,,,108,,2318,,
20153,7138,166,,966,,,2814,,,,,5300,,,,,,,
20154,12606,1306,,,,,,,,,,,2159,313,,,,,
20159,11288,639,,990,,,,,2193,,,646,,,148,,,,480
20163,13614,95,,,,,349,,634,,,,320,,,,1372,,
20167,6087,,,,,,,3745,,,,6552,,,,,,,
20168,10553,1245,,,,,,,,,119,,2608,,502,,1357,,
20182,7413,8971,,,,,,,,,,,,,,,,,
20184,12781,248,,,,,,,252,,,1113,,,1990,,,,
20188,9009,1619,,,772,,,613,167,,,913,1285,,1514,,492,,
20189,12702,1172,,,,,,222,,,,,1705,,103,,480,,
20190,7745,621,,,,,,,6187,,,,191,,173,,1467,,
20202,11120,1162,1041,,,,,,,,,1133,,,960,,968,,
20203,5396,1597,,,,,,,,,,4740,770,,3522,,359,,
20207,7743,1440,,,,,,,1720,,,5212,85,,184,,,,
20212,15057,393,,,,,196,,,,,574,96,45,23,,,,
20214,4518,3074,,,,,,,,,,2847,5945,,,,,,
20217,11632,197,,,,,690,1963,234,,,606,880,,182,,,,
20220,8374,175,1258,383,,,,1481,722,,,1119,1133,,398,,1341,,
20223,11093,568,,,,,,,,,,4723,,,,,,,
20232,12350,190,,,,,,606,2407,,,139,35,,,,657,,
20243,11506,107,,312,,,,1726,241,,,1209,,,241,,,,1042
20247,14443,687,,,,,,,474,,,,,,780,,,,
20251,7655,,,,,,818,3208,3282,,,,,,1421,,,,
20254,11307,1755,152,,75,,,,,,254,,54,,2787,,,,
20255,14431,1469,,,,,,,,,,,,,484,,,,
20262,9813,,,,,,,,4736,,,,335,,,,1500,,
20270,8599,126,,,,,,1024,5718,,,,356,,,,561,,
20274,13062,821,,,,,,,259,,,2242,,,,,,,
20277,9253,1216,67,,262,,,188,3641,,,1188,,,569,,,,
20278,12064,2382,369,,39,,,,,,68,,,,1462,,,,
20288,14482,,,,,,525,,898,,,361,36,63,,,19,,
20304,12278,640,,,,,,,1001,,,2022,,,443,,,,
20307,9663,361,,,,,,564,2342,,,1038,,,2416,,,,
20312,8907,1731,103,,,,,543,447,,,1278,1505,,1870,,,,
20313,13058,937,,,,,,,,,,,,,,,2389,,
20318,12634,450,,,334,,111,,1543,,,,,,233,,1079,,
20322,12491,303,,,,,,,274,,,896,871,,,,1549,,
20325,9715,1951,240,404,,,,1609,568,,,830,636,130,301,,,,
20332,10535,688,,259,,572,,482,,,,3254,,,594,,,,
20338,11154,960,,,,,,1553,834,,,410,,35,705,,733,,
20345,11367,,,,,,,,,,,,200,,74,,4743,,
20346,5839,5389,,79,,,,,,,,330,,,1635,,3112,,
20349,6433,413,,,482,,,531,8209,,,149,,,167,,,,
20351,11052,1833,525,,,,487,,,,,596,269,,1073,549,,,
20356,7297,835,,,,,,219,,,,,1546,,,,6487,,
20378,11404,657,606,,,,,,3671,,,,46,,,,,,
20384,7234,121,,,501,,,,8146,,,,,,168,,214,,
20390,10813,179,,,,,,,3838,,,,,,,,1554,,
20397,15109,1085,,,,,,,,,,,,,190,,,,
20398,7068,1152,283,,,,,,3343,,,910,,,3628,,,,
20399,11323,910,,,,,,,,,,,1934,,731,,1486,,
20401,10557,1751,,,,,529,762,,,,,2220,,565,,,,
20403,14886,296,,,583,,,,317,,,24,,,,,114,,164
20406,9411,3521,174,,,,,,733,,,,,68,2031,,446,,
20409,12771,969,210,,,,,,,,,76,65,,99,,2194,,
20417,10219,205,,,2030,,,,2494,,,1068,146,,113,,109,,
20424,13358,1527,,,,,138,,,,,,748,,99,,514,,
20427,5305,5207,,,,,,,3409,,,130,,,1732,,601,,
20445,11649,736,146,,,,,,2817,,,760,,,60,,216,,
20449,12743,206,,,,,,,1643,,,,,,1792,,,,
20451,14385,568,,,,,,,,,,1328,103,,,,,,
20452,12486,22,,,,,,,3790,,,,,,21,,65,,
20458,13078,87,,,,,,,2712,,,,,,408,,99,,
20459,10961,3494,,,,,,,890,,,,,,1039,,,,
20465,8030,171,2625,,,,,182,2559,,,1216,1167,,398,,36,,
20466,3991,1667,,,,,,,6112,,,,,,,,4614,,
20469,5067,2532,,,423,,,1124,,,,3657,,,3581,,,,
20475,7752,2288,,,,,,,4041,,,,205,,,,2098,,
20479,15389,318,,,,,,173,,,,,411,,,,93,,
20482,11618,2948,,,,,,663,,,,308,626,,,,115,,106
20484,13586,398,295,,,,,525,1284,,,,96,,112,,88,,
20486,9779,142,,2894,,,,499,869,238,,1737,168,,32,,26,,
20493,10597,29,,,,,,,5500,,,,,,,,258,,
20497,8892,1120,,,,,,,6040,,,,,,,,332,,
20509,13455,2195,,,,,,,,,,,,,734,,,,
20511,10276,3646,,617,607,,,,,,243,,,,995,,,,
20521,13260,1292,884,,,,,,,,,,,,948,,,,
20530,12815,1124,,,,,562,,1883,,,,,,,,,,
20533,11426,139,,,,,,1295,,,,2595,282,,,,,,647
20537,15832,388,,,,,,,,,,,,,25,,139,,
20552,12998,701,,327,86,,81,,99,,,1256,208,,285,226,117,,
20553,8479,46,,,,,,,7859,,,,,,,,,,
20558,11290,54,,,,,,,4708,,,,19,,240,,73,,
20577,15065,,,,,,,,738,,,,,,,,581,,
20580,14775,1458,,,,,,,,,,,115,36,,,,,
20582,11277,225,,,,,,,4364,,,,,,495,,23,,
20588,7490,194,,,,,,,8124,,,,252,,,,324,,
20591,14318,871,,,,,,,1195,,,,,,,,,,
20607,12989,170,,,,690,,,,,,,,,2535,,,,
20611,13507,310,,,,,,,1552,,,,,,279,,736,,
20613,5497,147,,,,,,,10740,,,,,,,,,,
20614,11388,252,,,,,1167,1397,1073,,,,673,,434,,,,
20623,14672,,,,,,,480,936,,,,,,,,25,,271
20628,9937,28,,,,,,,6419,,,,,,,,,,
20629,14628,1289,,,,,,,,,,,,,467,,,,
20630,11191,2320,,292,257,,177,,108,,,694,817,,463,,,,65
20631,13054,1128,,,,,,,1520,,,,270,354,30,,28,,
20633,9102,313,,,,,,,6969,,,,,,,,,,
20638,11077,1209,,,,,,,1612,,,2316,,,170,,,,
20646,14119,88,,,203,,,307,,,,794,,,,,873,,
20647,13815,1632,,,,,,,,,,219,,,,,718,,
20654,6802,158,,,,,,,7703,,,401,557,,311,,452,,
30002,10079,1949,238,1234,407,123,220,486,,,314,,594,232,,,,,508
30012,3491,3829,3307,3134,742,199,,,,,,,67,,,,75,1540,
30013,4252,4070,143,336,174,1330,,391,,,,,,,,4493,,,1195
30017,3446,210,3707,5568,934,597,,,,,,,193,774,955,,,,
30019,3836,183,4327,4797,817,332,,1068,,,,,,,585,,,439,
30020,8047,526,1964,1080,,1698,,,,,1228,,,,543,565,,443,290
30027,11503,2802,,,267,,62,,855,,695,,,,98,,,102,
30033,7922,2371,623,1969,252,1758,,,,,,,,,651,209,,,629
30046,5625,889,2677,1726,1309,1181,,,,,,,,,327,1812,,838,
30047,5300,8072,398,1661,,,,,77,,145,,,,731,,,,
30048,2924,1652,4589,1512,1373,846,352,,1345,,,,,,,1532,,259,
30055,4314,1308,5106,971,,,,179,,,221,,2296,1782,,,,,207
30060,5654,2182,2209,1948,296,1744,,,,,,,,,770,1581,,,
30069,10903,3287,,1104,,,,,44,,205,,,,,,,841,
30071,12666,3089,,,,,,,,,,,,,,,,629,
30075,6212,10172,,,,,,,,,,,,,,,,,
30080,6947,9437,,,,,,,,,,,,,,,,,
30082,8714,6909,,222,,,,,,,144,,,,,,,395,
30088,3981,1487,3116,2479,843,3916,,440,,,,,,,122,,,,
30089,11918,4466,,,,,,,,,,,,,,,,,
30101,4867,8353,469,1128,416,,,,,,409,,,,,,,742,
30109,4832,6347,967,1579,,245,,,,,,,,,,1184,,,1230
30110,5667,7520,,1003,54,,,,,,1446,,,,415,,,,279
30112,12956,2841,,,,,,,,,,,,,139,,,224,224
30113,4617,3866,1327,2978,2064,,,1125,,,,,,,,105,,,302
30117,2453,4146,4837,1056,1607,,937,,,,681,,,,,,,,667
30118,8590,3523,769,2164,843,,,,,,,,40,81,,374,,,
30126,6613,6320,215,787,618,,,,,,,,,,651,292,,504,384
30139,13305,724,,,,,,,2218,,,,,,,,,137,
30140,6475,3368,,2256,,1785,,,,,,,,,,1037,,1463,
30146,8119,2425,1608,214,1313,1828,,,,,812,,,,,,,65,
30148,9710,2044,1647,1524,325,,,,,,,,,,,502,,92,540
30153,8292,4737,406,1399,,,,,,,,,,,,,,1550,
30155,9021,2499,699,232,371,1442,,,,,,,,,1083,1037,,,
30160,9039,6423,,,577,,,,,,,,,,,,,345,
30162,6666,7697,,94,230,,,,,,1490,,,,,,,207,
30164,6874,5236,1871,211,296,,,,,,322,,,177,,1397,,,
30165,6435,5008,249,1586,,395,,,,,,,,,,2528,,183,
30166,4981,3416,1439,3133,1355,,746,,,,300,,,,,1014,,,
30174,5780,2473,702,3051,2376,,,,,,330,,,,,1257,,415,
30175,5308,1536,4614,353,925,1156,,,,,,,,,2101,391,,,
30179,3608,1858,1763,4733,2468,,,558,,,,,,,,1396,,,
30185,6787,4713,1165,717,,1947,,,,,,,,,,1055,,,
30187,6391,3526,675,1714,1478,309,,,,,1482,,,,,809,,,
30200,9871,5008,,,,,,,,,404,,,,,,,551,550
30202,8403,7007,,974,,,,,,,,,,,,,,,
30203,5362,4142,1628,3423,,308,,,,,,,,,,1342,,,179
30206,3304,3436,3807,852,63,1050,,1392,,,733,,50,,682,1015,,,
30209,10856,2627,545,641,,,,719,,,732,,,,,,,264,
30211,8760,4469,87,828,288,,,,225,,265,,,,,,,64,1398
30212,6065,9859,,,460,,,,,,,,,,,,,,
30213,7793,2367,3122,73,658,1045,,,,,,,,36,332,958,,,
30217,8945,2904,1906,,286,1997,202,,144,,,,,,,,,,
30218,8841,2319,1055,796,2289,,,,408,,,,,,177,499,,,
30222,3658,1913,3774,4817,724,439,,166,,,193,,,,700,,,,
30240,8638,7153,,,,,,,,,450,,,,,,,,143
30245,8114,8270,,,,,,,,,,,,,,,,,
30246,7421,1805,839,3333,1178,,,,,,892,,,,,705,,211,
30248,5517,2172,4450,828,807,,,,,,,,,,,2610,,,
30255,6681,2083,,2655,733,3142,,443,,,,,,,,592,,55,
30259,7398,7843,,,,,,,,,390,,,,584,,,,169
30260,5328,3152,2400,774,674,,,,,,95,,,,,3961,,,
30268,8656,2845,641,138,912,,,,2928,,,,,,,,,264,
30269,4370,11241,,,170,,208,,,,256,,,,139,,,,
30271,11232,1076,1903,500,,,,,402,,,,,,1041,,,,230
30272,9963,4604,,1165,,,119,,,,299,,,,,,,234,
30282,7435,4956,215,1518,,60,362,,909,,318,,,,611,,,,
30287,8008,6761,,231,,,,,,,930,,,,,,,454,
30292,11687,4349,,,,,208,,,,34,,106,,,,,,
30296,3555,11798,,,,,,,,,,,,,,,,1031,
30297,5133,4948,619,3514,126,1746,298,,,,,,,,,,,,
30316,6304,5590,1478,1624,236,,,538,,,196,,,,,,,,418
30322,9670,3803,1300,840,,,,,,,,,,,771,,,,
30325,6969,692,3091,4191,596,,,845,,,,,,,,,,,
30327,8327,4926,193,1020,,,,,,,1918,,,,,,,,
30331,5947,5523,2422,98,428,,,,,,,,,,314,919,,733,
30344,11371,2813,93,,1494,,,,,,,,,,449,,,,164
30345,8621,888,2856,1833,198,,,1442,,,,,,,,446,,,100
30348,6913,3691,2391,3010,,,,,,,,,,,,,,,379
30351,5018,9026,,,,,653,,,,1687,,,,,,,,
30354,5006,10475,,101,384,,,,,,418,,,,,,,,
30355,13031,250,523,557,117,499,,,,,,,,,,1407,,,
30364,11070,3871,229,224,214,,,,,,,,,,377,,,399,
30380,9073,1882,1593,1058,,921,,545,,,,,,,96,360,,,856
30381,9147,1045,1269,3336,159,,,716,,,465,247,,,,,,,
30382,4779,2335,2194,1793,1349,2335,,,,,,,68,,,1531,,,
30387,8306,4086,1061,1656,1055,,,,,,,,62,,,,,158,
30389,4686,11003,,261,,,,,,,434,,,,,,,,
30397,8756,2176,755,919,2035,,,,,,762,,,,355,626,,,
30402,3688,3348,1723,552,1784,675,,,,,,,,,,4614,,,
30406,6039,9571,,,376,,,,,,398,,,,,,,,
30409,7274,2870,657,3985,,,,,,,,,,,,1170,,428,
30410,7911,3531,332,744,1093,,,,,,,,,,958,1815,,,
30411,7220,4493,633,224,1056,471,,,,,,,,,759,1162,,366,
30416,2440,811,2772,6759,891,521,,2190,,,,,,,,,,,
30428,8620,5199,183,1886,25,,,,,,,,,,82,,,389,
30435,6620,5722,1352,1257,349,,,829,,,255,,,,,,,,
30451,13338,2505,,,,,,,,,377,,,,,,,164,
30454,5632,6867,917,2623,262,83,,,,,,,,,,,,,
30458,9153,1026,969,3553,,,,1591,,,,,,,92,,,,
30462,7844,3728,1102,2884,,,,,,,,,,,,,,,826
30469,7823,7906,229,,,,,,,,,,,,426,,,,
30470,6352,6161,,2883,,,,,,,396,,,,592,,,,
30477,8712,1041,681,3399,,864,,,,,115,,,,,1572,,,
30478,5290,10403,,336,52,,63,,,,132,,,,,,,108,
30479,5398,9631,,265,,,,,,,522,,,,392,,,,176
30491,10371,3737,280,,,,,,1996,,,,,,,,,,
30498,8121,7112,,411,,,196,,,,544,,,,,,,,
30506,6325,5933,548,,1928,,,1000,,,,,,,650,,,,
30519,6088,4472,,4127,,796,,,,,,,,,160,444,,297,
30529,8176,3252,,742,,2565,,,,,370,,,,,1279,,,
30533,4446,9636,447,320,408,,,,,,286,,,,,,,841,
30536,13257,1879,93,,,,409,,185,,,,,,126,435,,,
30556,6265,3368,2789,1812,141,1284,,,,,,,,,,725,,,
30557,11439,2331,349,997,385,,,,,,,,,,677,206,,,
30562,8710,4050,,2163,,,118,,,,,,,,,1343,,,
30565,5934,9565,,381,,,,,,,504,,,,,,,,
30566,8261,766,3851,,,1375,,2131,,,,,,,,,,,
30567,7618,2768,1093,2519,886,655,,,,,,,,,227,618,,,
30576,5600,8908,397,163,,,,,,,513,,,,,,,428,375
30578,6387,3780,1110,3397,1023,161,,,,,327,,,,,,,199,
30580,5835,2840,1512,3790,146,327,,,,,1554,,,,,380,,,
30581,7223,8238,,,,,,,,,,,,,,,,923,
30589,6735,7757,,889,64,,,,,,791,,,,148,,,,
30590,8062,1973,2543,2622,463,318,,403,,,,,,,,,,,
30596,8980,295,1286,,,2197,,,,,,,,,264,3362,,,
30597,8013,3168,509,1931,,1304,,,,,,,,,687,633,,,139
30602,7086,1505,3237,,132,3190,,1234,,,,,,,,,,,
30604,4669,10449,,269,,,,,,,997,,,,,,,,
30615,7131,2086,1816,2313,,,,1118,1553,,,,,,61,,,,306
30616,12941,2518,398,,,,,,527,,,,,,,,,,
30621,4610,3314,7050,153,,,,,,,,,,,400,857,,,
30622,7228,1045,2443,3647,476,533,,686,,,,,,,326,,,,
30634,10213,2344,374,2439,138,,,,,,,,,,548,328,,,
30635,5818,4496,1293,1675,391,1489,,,,,,,16,,683,523,,,
30636,13535,1669,,118,,,,,,,850,,,,212,,,,
30652,9693,3041,2968,682,,,,,,,,,,,,,,,
30659,5545,7670,846,,649,,,,,,1504,,,,170,,,,
30661,9187,883,1216,1130,1107,1159,,,,,,,,,,1702,,,
30663,4103,4391,2317,2953,538,400,,,,,,,,,,1682,,,
30670,10809,4293,,,993,,,,,,85,,,,,,,204,
30675,8120,7025,284,531,62,,,,,,,,,,,,,,362
30689,7096,2682,609,1940,,,,,,,,,,,,4057,,,
30690,4749,2851,3813,1587,793,,,,599,,,,,,1992,,,,
30691,4149,11675,,560,,,,,,,,,,,,,,,
30708,14587,1797,,,,,,,,,,,,,,,,,
30712,12230,1370,,2264,,,,,,,268,,,,,,,,252
30713,12851,3533,,,,,,,,,,,,,,,,,
30718,5788,2572,1433,4797,100,456,,,585,,,,,,,653,,,
30721,14459,1925,,,,,,,,,,,,,,,,,
30722,6551,7123,,1535,206,,,,,,802,,,,167,,,,
30728,11581,4080,47,108,,,,,,,,,,,393,,,,175
40007,6230,875,1981,4923,775,,,,,871,116,,165,330,,76,42,,
40012,6225,4408,1071,622,1476,435,741,1189,,,88,,,,49,,,80,
40030,5464,59,1649,7898,,167,,,,936,49,,90,,72,,,,
40031,8405,480,1593,3856,68,,,,,1686,,,296,,,,,,
40033,3379,,1010,7744,,238,,,,957,,,,,458,412,,2186,
40044,5488,944,1913,6782,42,365,,,,431,324,,,95,,,,,
40049,4783,89,958,7686,,,,,,1597,,,,48,87,380,756,,
40056,11613,1139,596,417,,,,,,592,,,52,,122,1330,45,478,
40057,6660,348,1924,6340,110,,,,,,,,,,,1002,,,
40060,3254,85,3132,7637,,,,,,1993,,,230,,53,,,,
40065,9151,444,722,4356,65,353,,,177,360,,,,86,670,,,,
40068,6477,544,2241,5152,,,560,,,,,,1253,157,,,,,
40069,4536,571,2479,7703,,84,,,,,,,431,276,127,177,,,
40072,13310,3074,,,,,,,,,,,,,,,,,
40081,9551,367,1552,3369,,,,,,1545,,,,,,,,,
40095,4081,3032,4695,1914,396,803,,456,,,,,,,165,,,741,101
40114,15467,67,,,,,,,,,,,724,126,,,,,
40121,8596,1837,34,5346,208,,,88,,,,,196,79,,,,,
40122,6737,2276,1109,3112,180,756,45,,,,785,,,,536,594,125,129,
40126,3698,3098,380,6163,,,,,,731,,,,,49,2265,,,
40127,2375,151,2902,9519,,266,,,,624,,,,256,291,,,,
40131,11136,5248,,,,,,,,,,,,,,,,,
40133,5868,4078,3325,1372,284,,407,,,,369,,,,681,,,,
40143,12449,328,490,1726,,,,,,,127,,886,,,214,,164,
40144,5181,5966,1641,2330,,348,,,,,357,,,,107,,,416,38
40151,5689,464,1576,6489,653,,,,,132,,,1381,,,,,,
40157,8684,4864,,1088,288,,,,,,1410,,,50,,,,,
40163,5090,674,1604,5419,,,,,,3414,,,183,,,,,,
40172,8367,753,457,6565,,,,,,,,,43,199,,,,,
40177,4380,7550,1053,1451,906,,,,,,893,,,,,,,,151
40180,4415,1340,3953,3167,1434,833,1072,170,,,,,,,,,,,
40185,4958,143,3497,4893,144,,182,,,527,,618,,,,1422,,,
40194,7086,1329,909,6387,,,,,,,,,,221,205,247,,,
40198,8601,3841,335,1393,,,560,,,,1654,,,,,,,,
40200,4525,33,626,6570,,,,,,,,187,,,,4443,,,
40201,4944,4039,2856,1476,641,192,105,1521,,,,,50,,,,560,,
40203,4650,571,1168,8673,,,,,,,,,,,,1322,,,
40205,3357,4861,3957,2504,,1540,,,,,,,,23,,,,142,
40210,11143,1404,872,1076,418,,450,,,,,,699,,322,,,,
40214,7386,5175,431,,,,,,,,,,,,1968,,,1424,
40215,3127,434,4563,6888,,321,,,,,,,64,,202,785,,,
40234,6347,3413,862,4700,,,,,,1062,,,,,,,,,
40235,6982,6707,886,,,451,,,,,887,,,,,,,,471
40240,12133,3451,,,,,,,,,,,693,107,,,,,
40242,12011,2189,,692,,403,,,,,,,1089,,,,,,
40244,9593,133,1305,4918,,,,,,,,,,,,435,,,
40245,1309,,628,10549,850,,,,,2316,,,,,,732,,,
40248,6720,119,4440,2429,278,1745,,,,,,,,,131,522,,,
40252,12317,251,181,3165,,,,,,470,,,,,,,,,
40271,5935,5015,1398,562,1754,,,,,,,,,,743,,,,977
40275,6380,1735,120,,428,2682,3666,,,,,,,,1373,,,,
40282,4283,2543,4382,410,3763,,157,,,,,,,,,,,846,
40293,8570,4273,,2980,,,,,,355,37,169,,,,,,,
40297,12054,2851,647,411,,,,,,,,,,,174,,,,247
40307,9307,444,,,,,,,6604,,,,,,,,29,,
40314,9523,1540,379,2699,128,402,,,1177,,,,157,,,379,,,
40334,7004,2358,589,5120,141,126,,,,435,,,,,,611,,,
40335,6515,2556,2387,973,,,815,,,,,,,,324,,2814,,
40337,8204,51,,,,,,,8129,,,,,,,,,,
40340,8617,3312,2003,,224,,,,,,,,,,748,,,1480,
40341,8011,363,3559,1605,,1508,,,,869,469,,,,,,,,
40344,6278,287,3649,4921,,,,,,1093,,,,,103,,,53,
40354,10173,5554,,,,,,,,,,,,,,,,,657
40359,10595,1341,1649,1597,,,,282,,,,,829,,,,91,,
40363,4311,40,1000,9430,157,598,,,,,,,534,,,314,,,
40366,3142,98,442,8262,541,,,,,,,,,,98,3801,,,
40370,12737,2895,,285,,,142,,,,,,,,325,,,,
40378,3799,6406,5071,329,,,,,,,,,,,104,,,675,
40379,4860,162,474,8955,,294,,,,1223,,,,,,416,,,
40385,7463,592,1627,6008,67,137,,,,337,,,44,,76,,33,,
40388,6701,6756,1753,,,797,,,,,135,,214,,,,,28,
40390,5793,5753,1025,1965,1160,,,,,,,,146,,542,,,,
40401,10786,4947,,480,,,,,,,89,,,82,,,,,
40402,3546,6754,2779,2751,158,217,,,,,,,,,179,,,,
40404,9709,74,958,4230,401,712,,,,,,,187,,,113,,,
40406,9532,863,1231,3896,,71,,,,,,,183,,555,53,,,
40408,12243,148,565,2559,,,,,,869,,,,,,,,,
40411,9033,1725,2879,1019,799,854,,,,,75,,,,,,,,
40418,3004,110,1694,9322,,,,1358,,896,,,,,,,,,
40420,5664,1129,5124,1652,,242,1315,1258,,,,,,,,,,,
40425,4028,872,4022,6769,59,,,,,,,,267,,,367,,,
40432,4852,700,4468,5288,99,,,,,780,,,59,73,,,65,,
40436,6359,,1493,6089,,1454,,,,712,,,31,,,246,,,
40446,4306,2045,4069,,1258,987,431,3288,,,,,,,,,,,
40461,4991,1284,4370,652,,743,,,,,,376,,,654,3314,,,
40474,8197,7677,,478,,,,,,,,,,32,,,,,
40475,7454,690,513,6161,,,,94,,,,,,,,1472,,,
40483,8586,2757,1133,1015,326,635,,1462,,,243,,,,227,,,,
40484,4149,7458,1291,1114,1139,875,,,,,358,,,,,,,,
40487,9265,6271,,45,803,,,,,,,,,,,,,,
40490,12051,4333,,,,,,,,,,,,,,,,,
40496,7369,255,355,7366,826,,,,,,,,,,66,,147,,
40499,12219,2716,,664,,,,,,,105,,,,,,,,680
40500,11637,4747,,,,,,,,,,,,,,,,,
40506,13511,119,1443,527,239,,545,,,,,,,,,,,,
40511,5225,103,2298,7968,405,,,,,,,,,,206,179,,,
40517,13835,2484,,41,,,,,,,,,,24,,,,,
40518,8972,4736,293,1744,312,,,,,,89,,90,,148,,,,
40538,7074,728,1612,1896,2516,856,314,1388,,,,,,,,,,,
40548,12583,847,,,,,,,2954,,,,,,,,,,
40553,10305,1571,598,1471,1176,1207,,,,,,,,,56,,,,
10001,8986,3174,184,407,201,,489,,,,,,2476,283,184,,,,
10015,15342,,,,,,310,,,,,,597,135,,,,,
10021,8234,2608,3332,,,,,,,,,,531,1679,,,,,
10046,5420,303,4457,1063,2353,1228,290,,,,,,31,911,,,76,252,
10048,7356,1571,,3605,643,,832,,,,,,1597,149,631,,,,
10058,3212,8111,440,3295,,,1046,,,,,,,,280,,,,
10059,4343,180,4019,1198,2456,2444,153,,,1591,,,,,,,,,
10070,6292,3878,497,4226,168,183,302,,,,,,216,505,117,,,,
10075,5198,7157,1531,1723,115,,,,,,,,,,84,,,369,207
10078,3447,3596,4270,691,1638,611,,604,,701,,,,,328,,,498,
10087,6333,1279,4661,,,625,,,,3434,,,,,52,,,,
10106,10243,,1801,,,,438,,,3201,,,701,,,,,,
10107,8979,3376,,2506,,,,,,,,,307,,134,,16,1066,
10127,2892,,3760,110,3500,3721,,,,1864,,,,164,373,,,,
10132,5562,3662,990,5904,,,,,,,,,,,266,,,,
10144,7152,,3870,,608,1882,876,,,1996,,,,,,,,,
10145,4281,3482,1866,4057,368,,,,,,,,,,2330,,,,
10148,5194,3998,3555,1286,48,789,,,,836,310,,,,,,,368,
10150,8926,2775,703,1427,591,,,,,,1407,,,,,,555,,
10152,6321,6608,,1483,,,,,,,,,,,1972,,,,
10154,3686,3292,2184,3543,1413,,,,,,,,,,2152,,114,,
10160,5096,,3783,,824,3650,,,,3031,,,,,,,,,
10163,6949,273,3575,,,3323,610,,,1056,598,,,,,,,,
10167,6481,6482,601,1253,1220,,197,,,,,,,,,,150,,
10171,5439,6698,1059,919,434,1712,,,,,,,51,72,,,,,
10184,3482,9396,804,1461,,,,,,,312,,,,398,,,531,
10196,5020,6131,,4386,,,209,,,,252,,,,,,,386,
10202,14694,1690,,,,,,,,,,,,,,,,,
10203,7908,2674,2002,2327,379,492,,,,,,,452,101,,,49,,
10207,4067,4993,3359,2675,614,676,,,,,,,,,,,,,
10209,12779,2873,116,91,,,,,,,,,,,98,,,427,
10210,7568,6637,87,733,963,,,,,,,,,,,,,396,
10216,6012,,6647,88,676,1280,,,,488,,,456,737,,,,,
10218,5562,6031,1848,2284,101,,,,,,,,167,187,204,,,,
10225,6983,6122,,1357,866,,,,,,,,,,,,,1056,
10232,8445,3117,2927,,498,,,,,1027,,,309,61,,,,,
10233,8101,5235,1315,310,1063,,,,,,,,33,,,,,327,
10237,8928,2913,,1492,,1449,1152,,,,,,,,164,,,286,
10246,4872,7867,407,2545,425,,,,,,,,,,268,,,,
10247,4149,1645,4303,376,1780,1519,,,,,2612,,,,,,,,
10249,4068,,6032,1627,1073,3011,177,,,396,,,,,,,,,
10255,6154,3727,1404,2010,,933,1026,,,,243,,,,887,,,,
10260,4177,9501,686,806,,,,,,,,,,,643,,,571,
10268,3579,8511,1030,1663,402,473,500,,,,,,,,188,,38,,
10277,5360,6706,2177,1767,,,,,,,,,147,,,,227,,
10281,4637,6106,180,3569,928,,808,,,,,,156,,,,,,
10282,5325,2803,3278,1716,,2247,,,,714,,,,,250,,51,,
10284,5688,4198,2271,2781,,306,,,,749,,181,,,210,,,,
10294,10373,,2889,,635,653,,,,1834,,,,,,,,,
10295,5166,8793,,1175,,,154,,,,,,,,453,,643,,
10298,5324,1904,3244,3333,,443,,,,2136,,,,,,,,,
10304,4335,4431,1489,4903,136,,,,,,,,,,1090,,,,
10306,5464,3876,1417,805,405,3756,,,,,661,,,,,,,,
10307,4798,5301,1779,2355,818,375,286,,,,,,423,,249,,,,
10313,4938,6434,2079,1854,,658,,,,,,,,,,,,421,
10320,8199,4956,593,1672,,,111,,,,,,141,,477,,235,,
10323,3464,4680,3567,2878,815,415,,,,,345,,,,,,,220,
10326,5516,3213,1680,3413,914,931,505,,,,,,,,137,,75,,
10329,4617,1799,4168,643,1401,2326,,,,1430,,,,,,,,,
10332,4103,8275,564,2136,485,,702,,,,,,119,,,,,,
10334,7270,7652,638,226,383,,,,,,,,,,,,,215,
10336,3752,1131,5839,468,1984,1600,,,,1610,,,,,,,,,
10370,10886,1772,1573,515,276,520,,,,808,,,,,34,,,,
10373,4597,5870,1547,3925,,,,,,,,,,105,340,,,,
10375,6618,550,4168,1553,2151,1066,,,,,,,,,,,,,278
10378,8545,6656,,1024,,,,,,,,,,,159,,,,
10383,4125,9036,,1587,241,239,,,,,,,,,203,,168,785,
10394,5585,8945,929,760,,,,,,,,,,,,,,165,
10401,6862,6305,654,737,747,,,,,,,,,,473,,,,606
10413,3736,3996,3536,2381,,1090,,,,,1171,,,,,,,474,
10425,5257,2902,5325,,387,2204,,,,,,,,,309,,,,
10426,6692,3958,1021,4267,150,,,,,,,199,,,,,,97,
10431,7791,375,3136,,1050,2995,1037,,,,,,,,,,,,
10442,6428,6595,230,2206,,551,374,,,,,,,,,,,,
10454,6239,2566,5609,926,,,,,,279,,,,,765,,,,
10461,4263,361,6667,,1371,2105,,,,1617,,,,,,,,,
10476,3994,6916,2614,1791,,276,,,,,292,,,,501,,,,
10480,6271,8290,823,564,,,,,,,,,,436,,,,,
10481,5951,4524,747,4856,,,306,,,,,,,,,,,,
10486,6656,6301,655,228,1351,,,,,,,,,,1193,,,,
10487,4391,5366,2806,2747,,,,,,,165,,,,909,,,,
10488,6170,6326,813,1968,,,,,,,680,,,,427,,,,
10490,4436,2830,3167,3216,619,1586,,,,,,,,,,,,530,
10509,5163,4934,,5081,,,,,,,,,,,1206,,,,
10511,5240,5316,771,3580,702,,,,,,134,,,,641,,,,
10513,6823,3510,727,,,1255,707,,,3362,,,,,,,,,
10517,5505,5011,1900,3426,131,,,,,,,,411,,,,,,
10519,4138,5206,1859,3349,848,,,,,,,,572,,412,,,,
10520,3586,661,7979,1824,737,858,,,,739,,,,,,,,,
10527,6711,2477,1459,4439,,878,,,,,,,,,363,,57,,
10528,4181,7689,732,3220,,104,,,,,209,,,,249,,,,
10531,3129,4700,3203,4259,392,,,,,,193,,,,508,,,,
20019,8087,711,1120,319,270,,119,2140,175,741,,1257,1093,99,229,,24,,
20022,9603,169,783,112,,,,,201,,,276,2034,,333,,1139,,1734
20023,13803,322,,,,,,,,,,,45,1494,,,720,,
20028,10366,923,852,21,,,,919,439,,,756,,,1802,,,,306
20031,10575,915,29,440,,,,,,,,2564,551,,,,,,1310
20042,8698,1807,62,,,235,,1825,,,,1587,125,,715,,,,1330
20058,10459,970,,,335,,161,784,2091,,,789,150,165,480,,,,
20060,3483,608,,,348,534,,1120,4822,,,5469,,,,,,,
20062,8159,1977,359,,215,,681,533,4113,,,,,,347,,,,
20063,7604,1999,,509,,,,899,,953,,3942,,,478,,,,
20068,9606,744,749,556,,,,58,116,546,,342,2497,,1006,,78,,86
20080,12771,,,,,,,,505,,,,2697,,411,,,,
20084,10748,974,,,,,,1168,322,,,2482,99,,271,,,,320
20094,13866,477,,,,,,,,,,76,645,315,254,,21,,730
20109,8235,326,571,,,,58,1064,5463,,,74,382,,161,,50,,
20114,9257,2986,,,,,,,3857,,,,,,,,284,,
20118,4558,938,155,1439,211,,,2659,1001,1053,,3991,,,236,,,,143
20122,11530,4541,77,,,,123,,,,,,,,113,,,,
20123,9051,574,,,1694,,,1467,2813,,,572,50,,163,,,,
20127,10784,760,,,,,658,1515,1473,,,,876,,,,318,,
20128,6945,246,302,,,,,2109,,,,6782,,,,,,,
20130,14239,,,,,,,,,,,171,616,71,,,1287,,
20131,14275,1360,,,,,,,,,,,,,,,,749,
20139,13784,617,788,,,,929,,,,,226,,,40,,,,
20145,10778,207,,,,,,,3468,,,,196,,,,1735,,
20149,4291,134,,,,,,3473,3728,,,1917,2076,,,,155,,610
20155,11742,1029,,,241,,,,,,,564,814,71,1923,,,,
20160,10599,129,,,,,,,4037,,,,172,,419,,1028,,
20164,13354,,,,,,,,184,,,,,,178,,2668,,
20166,12415,3657,,,,,,,,,,,,75,237,,,,
20172,7819,4463,,,302,,,,278,,,1963,1200,,338,,21,,
20180,14237,923,,,,,,,,42,,,1127,55,,,,,
20181,10023,407,472,,,,,,1726,,,2614,,,540,,602,,
20192,8443,28,,53,,,,101,6514,,,917,24,304,,,,,
20193,10763,164,,,,,67,802,3319,668,,,,,312,,,,289
20195,11880,955,,,,629,67,,1819,,,23,57,,45,,720,,189
20201,9786,853,254,,,,,,4358,,,,,,464,,628,,41
20205,7729,2224,,805,,,,1232,587,,,741,1753,,1313,,,,
20206,6169,696,,,,,,,4600,,,,,,,,4919,,
20210,11845,74,,,143,,,111,,,,602,838,,1142,,1629,,
20222,13579,407,,246,291,,551,,221,,,485,,,604,,,,
20224,10424,465,,,,,,,2824,,,1914,,,237,,520,,
20225,9285,640,97,,,,,,4753,,,354,687,,216,,332,,20
20227,9072,4486,,,,,,,,,617,402,,,1807,,,,
20231,8068,572,,,,,,,6787,,,,,186,22,,749,,
20235,6052,4857,,,,,984,,,,,,,,4491,,,,
20238,9875,691,,104,57,,,451,3792,,,,,,1280,,,,134
20242,9066,2356,209,,,,942,,,,,2741,1070,,,,,,
20245,5166,2245,,,,,,,3490,,,1110,,,942,,3431,,
20249,10366,3941,,,,,55,,,,,,,,1647,,,375,
20257,14247,759,,,,,,333,,,,1006,,,39,,,,
20263,11306,20,,,,,,208,3562,,,,482,,,,806,,
20265,9950,482,,,557,,,,3002,,,495,,,1898,,,,
20280,10655,,,,,,,321,2731,,,,872,,,,1805,,
20281,10703,145,,,,806,,750,,,,824,,,494,,2662,,
20282,12716,3668,,,,,,,,,,,,,,,,,
20283,15135,1249,,,,,,,,,,,,,,,,,
20285,10747,5637,,,,,,,,,,,,,,,,,
20286,12085,4299,,,,,,,,,,,,,,,,,
20297,7386,1100,,,,,1408,,1827,,,1278,,,3385,,,,
20298,14002,77,,,,,,,,,,443,1862,,,,,,
20311,15310,550,,,,,,,,,,,61,,198,,,,265
20314,13371,2443,,,,,,,,,,,,,170,,,,400
20315,7602,3492,,,,,,2721,,,,2470,,,99,,,,
20319,7325,1278,,,,,,127,473,,,1199,2516,,1514,,1952,,
20320,12839,2233,,,,,,,302,,,,48,,325,,192,,445
20326,8968,303,837,,693,,,116,4468,,,,,,516,,483,,
20330,13299,,,,,,,629,220,,,1187,366,,197,,,,486
20340,4043,174,,,,,,,8606,,,,,,422,,3139,,
20343,10381,95,,,,,,,,,,1308,1831,,587,,2182,,
20344,4237,1359,,,,,,,5136,,,,79,,4351,,1222,,
20353,13581,215,,,,,,,724,,,1106,685,,73,,,,
20358,11575,1074,,,,,,533,,,,2001,,,248,,,,953
20359,12079,549,,181,,,,1057,1366,,,303,849,,,,,,
20364,6120,2102,,,,,,,,,,8162,,,,,,,
20380,10606,860,149,,,,,,,,,,637,,,,4132,,
20385,8947,1090,208,,,,,1722,569,,,2298,405,,530,,615,,
20386,14656,455,,,,,,,,,,,,,1156,,,,117
20389,11494,72,,,,,,,3408,,,,528,,416,,466,,
20394,6233,673,,,678,124,,1047,5418,,,638,373,,1200,,,,
20408,9680,140,,,,,,,4693,,,,139,,325,,1407,,
20411,11613,1206,,,74,,,,2420,,,611,,,78,,382,,
20412,9142,103,,,,,,,6830,,,,210,,,,99,,
20413,9692,183,,,95,,,,5990,,,,,,325,,99,,
20414,9220,3952,,,,,,472,322,,658,,,,1599,,,,161
20416,14410,1858,,,,,,,,,,,,,,,116,,
20421,15236,363,,,,,,,,,,,,,785,,,,
20423,4728,680,,,,,,,4835,,,,2005,,,,4136,,
20430,11927,3736,,,480,,,,,,241,,,,,,,,
20432,12392,986,191,,,,171,,2347,,,,,67,,,230,,
20440,11453,4931,,,,,,,,,,,,,,,,,
20441,13017,910,,,,,,392,356,,,730,,979,,,,,
20443,11574,,,,,,,,95,,,,,,328,,4387,,
20463,14519,700,,,,,,209,,,,452,,,451,,,,53
20468,4343,5604,,,456,,184,,3424,,,1239,125,,1009,,,,
20474,7749,7412,,,,,,,,,,,,,1223,,,,
20489,11461,102,,,1342,,,,,,,3479,,,,,,,
20492,10321,6063,,,,,,,,,,,,,,,,,
20498,7989,,,,,,,3764,,,,2750,1881,,,,,,
20514,12677,2371,,,,,,,,,,,,,983,,,92,261
20519,14561,,,,,,,,,,,,,,1766,,,,57
20524,10149,160,,,,,,,5560,,,,,,515,,,,
20525,10038,48,,,,,,,6298,,,,,,,,,,
20527,10575,760,,,,,,627,458,,,725,1960,,,,1279,,
20529,11000,140,,,,,,,5055,,,,,,189,,,,
20535,13498,1765,,,372,,,,,,182,,,,567,,,,
20539,10210,,,,,,,,5949,,,,91,,,,134,,
20543,4151,10762,,,,,,592,,599,,,,,280,,,,
20547,14109,,,,,,,,1630,,,,341,,,,304,,
20550,11828,,1534,590,,,,,283,,,332,1017,354,252,,94,,100
20557,10480,281,,,,,,,5364,,,,259,,,,,,
20561,12732,276,97,,,,1352,,1730,,,,163,,,,34,,
20563,12818,1673,,,,,,421,980,,,169,323,,,,,,
20565,9997,2300,,,,,,78,3019,,,219,,,,,771,,
20576,7422,67,2056,1516,,,,1311,,,,,,286,2628,627,,,471
20585,6693,1888,,,,,223,,3348,,,,,,271,,3961,,
20587,14284,540,,,,,,,1526,,,,,,,,34,,
20589,15708,62,,,,,269,,345,,,,,,,,,,
20590,7975,85,495,,,,221,558,5477,,,90,65,,1388,,30,,
20596,14108,382,,,,,,,,,,,,,1677,,217,,
20600,13304,392,93,,,,,,1364,,,,135,,1096,,,,
20604,12112,403,,,305,,,948,1278,231,,278,,,,,,,829
20605,8866,3923,,,,,,1361,,,,2234,,,,,,,
20609,10238,,,,,,,2306,,,,1605,,,2235,,,,
20615,9969,570,,,,,,,3921,,,240,71,,,,1613,,
20618,7722,196,,,167,,,,7965,,,,,,,,334,,
20626,14840,520,,,223,,,,,,,485,,,316,,,,
20640,9591,376,,,,396,,,4998,,,977,,,,,46,,
20655,15876,508,,,,,,,,,,,,,,,,,
20657,11254,,,,,,,,1760,,,,,,572,,2798,,
30000,9651,1527,,1058,119,,,,,,,,2607,1222,200,,,,
30003,6270,4045,2631,1484,1441,425,,,,,,,88,,,,,,
30007,8065,1821,580,3209,450,,,,,,200,,1151,459,,449,,,
30010,7764,2220,,2085,,,,,,,526,,96,,,1418,,,2275
30014,6723,3234,,2299,,,,,,,,,,,,4128,,,
30030,8723,6376,733,,187,140,,225,,,,,,,,,,,
30031,7705,1315,1601,373,125,3416,,40,48,,,,,,970,791,,,
30037,4906,3822,2332,4073,280,188,,,,,,,,,158,,,,625
30038,6485,6183,566,132,901,514,,,82,,,,,,275,595,,651,
30040,9648,4523,,,,,165,,1907,,,,,,141,,,,
30041,8769,5461,1041,,351,,,,,,423,,,,85,,,,254
30042,5045,2185,3939,157,,1697,,2286,,,,,105,,,843,127,,
30043,10415,2684,,1160,,,,,,,1559,,,,,,,566,
30045,8978,3024,,687,836,,,,,,78,,1707,659,,,,,415
30058,9264,2904,135,,1031,,,,76,,136,,,,2352,,,486,
30059,6732,6526,565,1743,79,,,,,,,,,,,213,,526,
30061,5185,846,3291,1505,1600,1966,,224,1011,,,,,,242,514,,,
30064,4658,5577,1622,2711,,,,,,,,,,,247,,,1569,
30072,6666,5455,,1410,1815,,,76,,,246,,,165,,92,,459,
30076,9220,5999,,611,,,,,,,500,,,,54,,,,
30079,7882,5205,957,1013,,,,,,,,,,,391,803,,133,
30083,4641,2383,1188,1350,485,2036,,488,,,,,,,910,2794,,109,
30084,5478,5535,455,2954,,423,,,,,335,,,,,,,1204,
30086,10081,1759,1123,,,,449,,1885,,,,,,811,136,,,140
30087,4270,5416,1138,2686,320,693,,,,,357,,,158,308,1038,,,
30106,11813,3931,,503,,,,,,,,,,89,,,,,48
30114,6478,3349,,,,,,,6115,,,66,,,376,,,,
30119,9145,4579,659,309,,386,,,639,,,,,,,,,667,
30124,8535,867,596,3015,,1061,,735,,,,,,,125,951,,,499
30142,5699,1842,2171,3533,1523,,,,,,,,,,,705,,,911
30145,7511,7400,,279,,,,,,,,,,,,,,1194,
30149,9846,5353,,938,217,,,,,,,,30,,,,,,
30151,4245,3542,3438,2885,365,300,,,,,,,,,,1609,,,
30157,9974,6049,29,,,,,,,,,,,,,,,332,
30158,9687,4174,1421,289,,,,,,,,,,,,303,,510,
30163,10352,3577,317,952,,,,,,,,,,,524,454,,,208
30171,5275,4853,1405,,1070,339,,1496,215,,,,,,1055,383,,293,
30173,2661,4756,4043,2273,,507,,,,,392,,,,100,1652,,,
30176,9695,300,1974,2856,814,,,,,,313,,,,,,,,432
30184,8841,4009,82,873,362,,,272,,,,,,,937,340,,668,
30186,8667,3806,131,2985,,,,,,,,,,,323,,,346,126
30189,8541,2890,366,,,,,,4113,,,,147,,327,,,,
30192,3382,1316,1001,7800,1385,,,,,,,,132,124,,1244,,,
30194,9431,1579,1071,815,,,,,,,2830,419,,,,192,,47,
30195,7912,3280,1277,,1432,403,,,,,,,,,1914,,,166,
30198,4680,29,2359,5735,91,3106,,,,,,,,384,,,,,
30215,10074,5734,,,576,,,,,,,,,,,,,,
30223,11615,353,636,117,,311,,,3074,,,,,,,278,,,
30226,5377,1194,2755,511,1024,3653,,1870,,,,,,,,,,,
30231,3353,12128,,,,,,,,,225,,,,,,,678,
30239,7323,1049,1666,4824,649,,,334,,,,,327,212,,,,,
30243,11190,1451,774,1365,,,,,,,1173,,,,,,,,431
30244,6914,3160,2221,408,1871,,,,,,726,,,,,1084,,,
30249,5323,4536,1185,1863,2308,,,,,,387,,,,355,,,427,
30254,7603,323,3896,,,132,,1980,,,,,,,,2450,,,
30258,6915,3941,625,827,1112,,,1418,,,1403,,,,,,,95,48
30262,7968,2037,1499,1036,366,400,,,433,,,,,,1202,1443,,,
30267,7851,6544,308,,,,,,,,1681,,,,,,,,
30275,6623,1748,865,2029,738,1197,,,,,,,,,,3184,,,
30277,9450,2866,575,1494,,786,,,,,591,,,,622,,,,
30285,8092,3701,1182,,1455,408,,,,,,,,,,1546,,,
30290,4408,2187,1000,6055,815,1655,,,,,,,,,,264,,,
30295,4987,2562,4514,1437,1387,,,,,,,,,,,,,,1497
30298,6318,223,275,1048,2356,1448,,1067,553,,,,,,,3096,,,
30300,9439,5647,,575,505,,,,,,,,,,,,,218,
30308,10404,4463,,,,,,218,,,,,,,1299,,,,
30313,9104,6275,73,62,811,,,,,,28,,,31,,,,,
30319,6782,2476,1509,3756,498,,,,,,,,,,436,880,,47,
30321,10162,312,1730,2913,374,,144,,176,,,,120,,,453,,,
30323,8659,4396,559,1348,,,,,,,739,,,,,126,,,557
30330,8751,4659,715,497,83,,,,,,925,,,,,,,,754
30333,6066,1099,2592,2388,1700,765,,,,,,,,,282,1492,,,
30334,11607,867,,,,,,,3910,,,,,,,,,,
30349,8730,1898,1445,2300,,545,136,529,,,,,,,,801,,,
30352,6709,7364,1803,,268,,,,,,,,,,,,,192,48
30356,11943,3486,,,220,,,,,,267,,,,,,,468,
30360,7542,1707,4172,,1309,,,,,,,,,,,1654,,,
30361,5545,6462,609,1389,498,1251,,,,,630,,,,,,,,
30366,6759,6030,760,1880,76,,,,,,578,,,,,301,,,
30368,8883,3789,408,,263,,,,,,1174,,,,,1867,,,
30372,6925,3185,2504,391,186,1983,,,,,,,,,,1210,,,
30373,6543,3073,1344,2397,1771,,,513,,,743,,,,,,,,
30385,7778,3094,2084,,1624,1060,236,,,,57,,,,,,,451,
30388,9588,1452,,1350,,2747,,,,,,,,,,1247,,,
30392,8055,7085,,405,86,,,,,,595,,,,,,,158,
30418,6063,592,3480,4428,82,1739,,,,,,,,,,,,,
30419,5492,10168,,,146,,,,,,578,,,,,,,,
30436,5398,960,1141,1451,838,4215,,,,,,,,,,2381,,,
30437,5711,3712,3085,2663,490,,,,,,,,,,,723,,,
30443,11052,5056,,,,,,,,,276,,,,,,,,
30445,10859,2856,,1349,417,,,,,,114,,,,,506,,,283
30450,4742,4421,2731,1758,462,,273,,1346,,,,,,651,,,,
30452,7599,7610,,507,,,,,,,,,343,,100,,75,150,
30461,4792,4315,4408,,964,1060,,,327,,,,,,518,,,,
30471,7777,4019,,,,,,,4588,,,,,,,,,,
30475,7752,7143,,,764,,303,,,,81,,,,285,56,,,
30483,6041,4823,1231,842,427,1243,,,,,273,,,,,1504,,,
30495,3252,954,4172,2208,827,2780,,,,,,,,,,2191,,,
30496,13797,2211,,,,,,,,,,,,,,,,246,130
30497,8940,2889,644,2495,310,1031,75,,,,,,,,,,,,
30499,7785,2008,913,4409,607,,550,,,,,,,,,112,,,
30501,7358,1531,753,3709,,407,,217,,,,,,,254,2155,,,
30504,10538,1843,411,1116,893,,,,,,,,77,,,1382,,124,
30507,5300,9904,258,,697,,,,,,,,,,,,,225,
30513,5150,9461,,790,,,,,,,718,,,,265,,,,
30523,11026,4332,120,,499,,,,,,,,,,,,,407,
30525,10858,,,,,,,,5526,,,,,,,,,,
30528,5468,3105,3371,2243,1722,411,,,,,41,,23,,,,,,
30530,14415,1394,,280,213,,,,,,82,,,,,,,,
30532,8310,7615,,,,,,,,,459,,,,,,,,
30545,6471,152,4644,2363,367,356,,,,,,,,,,2031,,,
30546,7042,6795,1191,,452,583,,,,,,,,,,147,,174,
30558,4870,7514,2045,472,,,,,,,1298,,,,,185,,,
30559,8761,4638,986,744,469,725,,,,,,,,,,,,61,
30561,13612,2065,,,,,,,,,369,,,338,,,,,
30563,10679,3295,,726,,,,,867,,,,,,,817,,,
30573,5670,6511,394,,1552,,,,,,913,,,,1344,,,,
30574,15345,861,,,,,,,,,,,,,178,,,,
30586,7040,7840,,927,577,,,,,,,,,,,,,,
30611,4959,2776,1370,4114,590,,,,,,389,,,,,2186,,,
30618,10766,493,589,1107,846,1990,,,,,,,,,396,197,,,
30619,4475,3644,1798,1217,2597,419,,,,,,,,,,2234,,,
30627,10410,4577,102,,458,,,,,,,,,,159,,,,678
30631,13866,2173,,,,,,,345,,,,,,,,,,
30641,5800,9768,309,507,,,,,,,,,,,,,,,
30643,5205,761,3829,911,3008,1347,,,,,,,682,,,641,,,
30653,3887,7381,657,2149,970,170,,1170,,,,,,,,,,,
30656,8068,2544,1343,1684,,1710,,,,,,,,,708,327,,,
30662,5771,7106,274,590,,,,,,,,,,,,2643,,,
30667,7279,3156,324,2443,1554,950,,,,,,,,,,678,,,
30676,8366,1188,2316,3407,190,230,,,,,,,,,105,582,,,
30677,7130,5214,1135,171,,1338,,317,,,,,,,,1079,,,
30679,7451,5725,1447,752,,,,,,,507,,,,328,174,,,
30693,9510,4511,48,,330,,133,,1164,,,165,,,523,,,,
30695,12092,1527,715,922,,,,,,,603,,,,,,,525,
30699,4975,4264,1337,4537,544,,,171,,,,,152,,343,,61,,
30700,7769,8615,,,,,,,,,,,,,,,,,
30701,11005,5379,,,,,,,,,,,,,,,,,
30709,14632,1752,,,,,,,,,,,,,,,,,
30711,12207,4177,,,,,,,,,,,,,,,,,
30723,7725,8346,,112,158,,,,,,,,,43,,,,,
30725,10513,1620,,,,,,,4251,,,,,,,,,,
30732,8310,890,2225,3988,764,,116,,,,91,,,,,,,,
30733,11396,1212,,,442,,,,2915,,,,,,419,,,,
30737,6794,7225,,1696,,,,,,,405,,,,,,,264,
40000,2566,,4666,4873,,,,,,,,261,535,2753,730,,,,
40001,3681,199,719,5294,,,,,,622,,,3711,1664,,494,,,
40006,1858,34,4442,5630,,402,,,,3854,,,164,,,,,,
40011,3369,,880,10028,78,,,,,944,,,132,771,,182,,,
40014,5399,43,1883,5828,,,,,,3073,,,110,48,,,,,
40021,10844,2670,159,63,61,,,,424,,,,,39,222,,1703,,199
40022,7699,1148,983,4003,,373,,,131,394,,,,53,,1052,67,418,63
40023,6050,1198,2911,3809,,,,,,981,,,,785,491,,,159,
40027,6682,1945,3104,174,,378,3717,200,,,,,,,,132,52,,
40043,11987,1120,795,1107,235,,,,,,,,,302,43,795,,,
40046,7043,341,1036,5442,150,,,,,,,,,117,26,972,24,,1233
40054,5558,2568,1661,1612,1121,423,1357,947,,,195,,,,178,,764,,
40063,3887,76,2691,3659,,,,,,,269,152,2689,2961,,,,,
40070,3380,718,4434,6477,,,,,,1284,,,35,39,,,17,,
40073,4772,439,4437,4113,36,563,,1245,,779,,,,,,,,,
40078,6187,1447,589,3413,895,,,86,,2914,,259,,,,594,,,
40084,4202,232,2273,7418,64,1258,,,,808,,,66,,,,63,,
40085,10158,1641,761,428,,738,2532,,,,,,,,,,126,,
40087,7043,72,1266,7079,,,,,,,,,84,840,,,,,
40090,4904,7256,481,290,1300,,,,,,1510,,,,,,,643,
40097,6653,3291,2840,323,785,855,185,,,,,,,,394,,1058,,
40099,3443,634,3949,6179,489,626,447,,,315,,130,,,,,,,172
40106,8633,437,712,4914,473,,,,,1016,,,,,65,,,134,
40107,5430,1085,2937,4927,,289,,,,,352,,57,413,,894,,,
40117,6660,1266,1337,5545,264,,,,,772,,,,540,,,,,
40129,14160,2224,,,,,,,,,,,,,,,,,
40132,15214,1170,,,,,,,,,,,,,,,,,
40134,7042,7744,,370,451,,299,,,,,,,,175,,,,303
40136,5798,5054,2253,1064,977,,1238,,,,,,,,,,,,
40138,2741,257,3582,6002,,,,,,3738,,,45,,,,19,,
40142,11364,194,1459,150,196,699,,,1985,337,,,,,,,,,
40145,5059,8202,424,2055,,,,,,,605,,,39,,,,,
40146,7869,2795,1312,345,2243,822,,,,,,,,,998,,,,
40160,8808,3172,1020,1210,,858,,,,,1100,,116,100,,,,,
40161,5361,628,2689,5819,,835,1028,,,,24,,,,,,,,
40162,9570,921,675,3042,253,,,,,1521,,,340,62,,,,,
40165,10044,259,1215,3549,60,,,,,1231,,,26,,,,,,
40166,10379,837,883,3517,,,101,,,,,,36,,,631,,,
40184,7986,5452,298,,,,1012,960,,,429,,,,,,,247,
40186,3072,,1107,8362,,,,205,,3638,,,,,,,,,
40188,6173,5005,,2683,162,,,,,,852,,,,474,311,,724,
40189,4211,3199,3165,2326,1604,70,,343,,,,,,,1250,,216,,
40190,3665,98,944,9124,,,,196,,1020,,,940,,197,200,,,
40197,9364,743,1333,3232,,472,72,,,,,,,50,883,,,235,
40206,8444,831,1145,4602,,,,,,,,,,,71,1291,,,
40208,8066,100,390,4831,,,,,,1835,,,78,,,1084,,,
40219,3507,2332,7176,769,549,,591,1160,,,,,,,300,,,,
40222,3651,22,3077,8735,335,,,,,564,,,,,,,,,
40226,6979,3341,1446,3000,,920,,,,213,485,,,,,,,,
40231,4621,2909,3705,1119,1882,,1673,,,,412,,63,,,,,,
40247,10159,866,1238,2453,41,333,406,,,,,,301,164,248,175,,,
40250,5613,4584,446,3204,2103,275,,,,,,,,,159,,,,
40253,4187,41,127,7617,,,401,,,2059,,,,,,1952,,,
40254,12233,440,1543,337,997,36,,,,,575,,,,223,,,,
40256,7310,6472,911,37,248,,,,,,1141,178,,,87,,,,
40258,6489,1238,2147,2506,922,624,390,,,,,,,,2068,,,,
40268,15217,1167,,,,,,,,,,,,,,,,,
40272,8065,3874,1552,1654,,556,,,,,,,,,282,,,401,
40274,6373,1922,1726,4792,85,969,,224,,,189,,,,,104,,,
40276,7161,2619,2971,570,,330,1363,1370,,,,,,,,,,,
40278,9574,847,94,5082,58,,,,,639,,,21,,69,,,,
40279,3427,1649,5045,2073,,918,3080,,,,,,,,192,,,,
40281,5708,3024,1421,1614,1815,1186,410,454,,,,,,,752,,,,
40283,5230,164,2776,7613,442,,,,,,,,,106,,,53,,
40284,9236,4124,958,793,,577,,255,,,,441,,,,,,,
40296,12013,442,2152,1641,,,,,,,,,51,43,,,42,,
40298,4700,3119,288,993,976,796,1821,3691,,,,,,,,,,,
40308,8281,7405,,471,,,,,,,41,,,,,,,,186
40310,7726,579,1575,4909,295,,,,,,,,794,,93,,,413,
40311,6050,3258,1562,1501,,2471,,,,,533,,,,637,,,372,
40312,9387,575,1167,2492,,113,,,2393,,,,,,186,,71,,
40313,13500,379,,,,843,,,1640,,,,,22,,,,,
40318,8398,3520,2132,958,,699,,,,,,,,,204,,,473,
40319,8334,1981,1287,3753,,,,,,723,,,,,64,75,167,,
40322,6393,4489,4020,,653,,729,,,,34,,,,,,66,,
40325,6491,7074,296,1034,679,,659,,,,151,,,,,,,,
40331,6955,8757,,,305,,367,,,,,,,,,,,,
40338,7831,1250,1566,4852,446,,,,,399,,,,,,,,40,
40339,6890,4300,1797,1742,,,,,,,,,,,1271,,,384,
40342,9585,1182,1713,2778,434,,,,,,,,,,172,520,,,
40347,13013,475,768,2004,,,,,,,,,124,,,,,,
40348,4050,,2033,6246,,,,,,,,,1893,1876,197,89,,,
40353,14646,687,471,244,,,,,,,,,,,,,,,336
40364,7296,2175,805,4612,,,,,,1305,,,,,,191,,,
40371,7221,3410,1625,3286,85,,,,,,93,,664,,,,,,
40374,4060,3762,2609,1144,2358,,,709,,,,,277,,,1280,185,,
40377,4308,1671,2556,7058,,507,,,,,201,,,,,,83,,
40382,12279,2570,167,309,932,,,,,,,,,,,,,127,
40383,7853,3909,1403,25,,936,,,,,1819,,,,439,,,,
40391,12214,,,,,,,,4170,,,,,,,,,,
40396,5639,2881,1585,4189,405,278,,,,,,,,,1407,,,,
40405,6658,420,655,7720,,,,,,,,,,506,,425,,,
40412,8372,5096,,448,,1681,,,,,787,,,,,,,,
40426,4635,1600,2466,2086,2286,1124,2043,,,,,,,,144,,,,
40429,6045,3471,1315,2718,1581,668,172,,,,,,,,414,,,,
40430,3278,5476,2452,1461,,,,,,,2996,,,,581,,140,,
40435,14341,1472,,,,,,,389,,,,81,101,,,,,
40437,8037,5103,2298,718,,,,189,,,,,,,39,,,,
40438,8250,3900,696,,3085,453,,,,,,,,,,,,,
40440,8049,4069,1887,,978,,168,,,,,,,,855,,,378,
40444,8449,3156,944,597,811,,1918,,,,,,,,509,,,,
40453,5986,2576,3557,2482,929,,,,,,350,,,,504,,,,
40455,13984,,,,,,2400,,,,,,,,,,,,
40456,7079,7690,103,1088,,,79,,,,345,,,,,,,,
40458,14638,1636,,,,,,,,,90,,,20,,,,,
40466,5649,134,2196,6652,,89,,,,1029,,523,,,,112,,,
40467,7236,155,1528,6874,57,,,,,118,,,65,351,,,,,
40468,4467,3994,630,3630,676,2780,,,,,,,,,,,,,207
40471,12967,3002,,,,415,,,,,,,,,,,,,
40476,4979,4393,2727,3018,,,,,,,867,,,,,,,,400
40477,6792,3044,3102,673,1660,630,,,,,,,,,,,,,483
40478,5392,7504,1611,417,281,,,,,,1179,,,,,,,,
40485,4751,3489,3858,3256,374,,,,,,106,,,,550,,,,
40489,5286,4779,2690,3441,,,54,,,,,,134,,,,,,
40493,10644,5723,,,,,,,,,,,,17,,,,,
40501,4693,314,1318,8547,190,,,274,,523,,,491,,,,34,,
40514,12656,3728,,,,,,,,,,,,,,,,,
40516,13945,1716,,,,,,,,,723,,,,,,,,
40526,13852,2532,,,,,,,,,,,,,,,,,
40530,14664,1720,,,,,,,,,,,,,,,,,
40537,8135,7317,,,,,141,,,,432,,,,359,,,,
40542,5755,4787,1295,1076,2114,772,585,,,,,,,,,,,,
40543,10069,70,,5182,,278,,,,,,,,,,758,27,,
40544,11888,4179,,317,,,,,,,,,,,,,,,
40555,4258,262,1402,8238,,,,,,,,,,,,2196,28,,
40556,11774,1063,675,131,,,,105,2051,,,,,,110,,354,,121
40558,6290,2208,2720,3029,504,,,,,,,,,,796,,,837,
10005,8809,676,102,712,659,,490,163,,,290,,3674,282,476,,,51,
10006,4818,5533,165,2626,161,,669,,,,,,2116,37,135,,,124,
10009,4718,554,5442,,368,1025,,,,3307,,,536,434,,,,,
10013,5699,2543,916,3788,1102,,315,,,,,,1060,592,266,,,103,
10016,5758,173,4519,393,,3164,,,,240,,,1514,372,,,251,,
10023,6951,,5506,1220,479,,1547,,,145,,,484,52,,,,,
10024,5328,6672,,1214,,1805,,,,833,,,,,,,172,360,
10028,5403,6045,67,2075,505,,1238,,,,,,213,141,697,,,,
10043,4591,1692,4576,833,628,658,608,,,2659,,,,,,,139,,
10044,3912,,7462,,959,1389,437,,,1933,,,189,103,,,,,
10050,12827,2234,170,132,,122,,,,,,,,,697,,,,202
10053,4851,193,6501,653,1456,1465,,,,810,,,,,431,,,24,
10063,2046,,6091,280,1653,3559,358,272,,1619,,,,,506,,,,
10074,6199,6970,689,1737,,,,,,,,,,,418,,,371,
10076,4751,1463,5968,1451,,893,,,,1609,,,,,249,,,,
10077,6599,432,5293,366,505,1145,,,,1617,,,,427,,,,,
10085,5550,4803,,4015,319,464,,,,,564,,133,,213,,,323,
10092,6525,4173,1762,2834,381,,,,,,,,,,,,132,577,
10097,7389,2605,3030,2696,,,,,,,157,,149,358,,,,,
10103,5530,7065,1020,1569,,,,,,,,,,,1200,,,,
10116,4355,7365,1045,2561,,,,,,,196,,,,718,,,144,
10119,4268,3993,2883,,150,3377,,,,867,,,,,,,,846,
10128,6487,6089,120,,,1815,,,,,,,,,,,,1873,
10134,4598,3911,3659,2608,,507,,,,,,,,,266,,,835,
10138,4340,9751,,1462,,,396,,,,,,,,435,,,,
10146,6456,3635,2111,2574,,278,,,,,140,,,,564,,,626,
10164,5180,,7519,108,,584,,,,2727,,,42,224,,,,,
10177,6822,4570,1880,,1147,1619,108,,,,,,,,,,,,238
10179,4649,7603,1054,2171,,,,,,,668,,,,239,,,,
10186,6332,1839,4120,1824,688,951,,,,,,,,138,,,,492,
10199,4437,830,7605,,,1611,96,,,1805,,,,,,,,,
10204,6832,2963,477,2059,971,,1429,,,,,,284,,902,,,467,
10214,5529,203,6790,,626,1829,1407,,,,,,,,,,,,
10217,6705,4093,1350,3641,,,595,,,,,,,,,,,,
10226,6651,180,3953,266,,1437,808,,,3089,,,,,,,,,
10241,4775,6019,3294,834,411,,526,,,,,,,,,,,525,
10245,10249,102,2693,,2400,423,166,,,,,,,351,,,,,
10248,5269,,4408,,1076,1701,,,,3570,,,,,360,,,,
10253,3961,3683,3746,2415,1233,,,,,,1038,,,,,,,308,
10254,4311,4246,3345,3131,,,856,,,,495,,,,,,,,
10273,8526,1260,3167,945,,960,,,,,,,,,,85,,1441,
10274,7799,717,3295,,696,2680,,,,565,,,,,632,,,,
10276,6726,5239,2120,683,,,,,,,651,,75,,645,,,245,
10278,6099,6012,731,1825,549,792,,,,,,,,,,,,376,
10286,3140,5867,2630,4666,,,,,,,,,,,,,81,,
10288,10190,1091,1426,2735,455,,166,,,,,,321,,,,,,
10301,9396,4719,,1248,,,,,,,,,,,615,,,406,
10302,7395,6083,241,1951,,,,,,,393,,,,321,,,,
10303,11408,3531,749,304,,,392,,,,,,,,,,,,
10316,5781,4536,2036,2062,439,118,,,,,,,194,,1053,,165,,
10318,4789,5488,2240,1132,793,685,,,,,523,,,,734,,,,
10328,3677,3899,2928,2571,1449,1210,,,,,650,,,,,,,,
10330,6989,3106,1923,959,,868,,,,1798,,,,,741,,,,
10335,9076,4624,202,1978,,,,,,,,,288,,94,,,122,
10338,4265,5791,,4468,389,,85,,,,340,991,,,,,55,,
10342,5243,3162,2155,3618,787,,,,,,1419,,,,,,,,
10344,5344,5763,641,3239,538,,,,,,,,,,820,,39,,
10349,6423,4993,,219,1452,1547,1750,,,,,,,,,,,,
10351,5109,4988,820,5063,104,,233,,,,,,,,,,67,,
10352,4900,9818,,1140,,,122,,,,404,,,,,,,,
10357,3132,5899,2613,3835,,,322,,,,,,,,583,,,,
10358,3832,3858,1652,1903,1476,2739,,,,572,,352,,,,,,,
10364,3285,7916,403,3784,187,,403,,,,,,,,406,,,,
10369,6952,5177,914,1887,880,,74,,,,170,,,,330,,,,
10371,5122,8007,,2408,581,,193,,,,,,,,,,,73,
10379,3271,7881,868,2969,,650,147,,,,,,,,411,,187,,
10385,6574,3296,1343,1400,1534,1873,364,,,,,,,,,,,,
10386,7661,6723,,,2000,,,,,,,,,,,,,,
10397,5452,2896,5675,787,624,,,,,,,,,950,,,,,
10408,6414,3793,1530,3682,604,,123,,,,,,177,,,,61,,
10411,7046,5212,763,2092,1097,,,,,,,,,,,,,174,
10415,12097,1276,260,734,516,,567,,,,,,549,,385,,,,
10418,4102,9697,,2585,,,,,,,,,,,,,,,
10419,4570,5889,2638,2019,,,,,,,,669,,,599,,,,
10420,10481,3206,122,1928,319,,,,,,,,,,137,,,,191
10424,4282,6663,575,2916,,275,,,,,,503,,,,,,1170,
10433,5401,2981,1078,5275,1152,,,,,,,,,,,,,497,
10440,5128,4733,2727,2888,188,,288,,,,,253,,,179,,,,
10458,5977,5414,1065,1060,850,535,,,,,335,,,,1148,,,,
10463,6131,8444,,1312,115,,104,,,,278,,,,,,,,
10466,5562,2383,2602,3899,1765,,,,,,,,,,,,,173,
10469,5752,2570,1165,2760,1468,570,,,53,,,,,,191,,1855,,
10470,2982,4763,725,6559,486,,444,,,,,,,,425,,,,
10478,4491,5761,148,3900,669,562,,,,,853,,,,,,,,
10479,5472,2194,2300,3686,633,1440,,,,,,,,,659,,,,
10482,3345,6845,1583,2858,,1693,,,,,,,,,,,,60,
10492,7658,4751,2501,815,360,,,,,,,,,,,,85,214,
10494,6318,8086,612,1052,,,316,,,,,,,,,,,,
10496,3274,5073,3827,2042,601,1124,,,,,335,,,,108,,,,
10500,7493,1594,2032,2642,1110,1349,,,,,164,,,,,,,,
10507,4439,7648,572,2183,,,,,,,1542,,,,,,,,
10512,4907,8045,905,1907,298,,,,,,,,,,,,,,322
10518,5370,3259,2321,3080,921,1433,,,,,,,,,,,,,
10524,9961,4085,1125,377,,,,,,,,,,,628,,,208,
10525,2974,802,6645,2019,,3944,,,,,,,,,,,,,
10533,10993,1657,247,1398,,635,128,,,,,,,,1326,,,,
10537,7062,2894,438,4898,768,,,,,,324,,,,,,,,
10538,9771,1931,3047,916,310,,194,,,,,,,,215,,,,
20008,6552,137,374,714,,,,384,,,,,3613,1273,,,2137,,1200
20010,4691,92,793,61,517,227,,3524,603,,,4806,,,1070,,,,
20025,4972,,,,,,,11412,,,,,,,,,,,
20030,10352,904,,,,,,,1498,,,1320,349,,,,1961,,
20032,5666,1007,,,,1233,,1182,4653,,,1904,423,,,,,,316
20035,7586,360,,,,,,211,,,,,4112,,2143,,1972,,
20036,10210,,,,,,,,,,,,2119,,,,4055,,
20041,4285,1438,,,1137,,,2802,3416,,,3227,,,79,,,,
20044,4511,1497,,2269,574,,591,3439,654,,,1781,,,201,,,,867
20046,10650,5734,,,,,,,,,,,,,,,,,
20050,13774,141,,,161,,,,577,,,,728,,235,,,,768
20065,7676,2897,381,691,893,659,666,1146,203,,,,,,1172,,,,
20072,9563,3646,,,,,,,2266,,,,172,,596,,,,141
20074,6231,3995,,,,,,,2079,,,604,,,1872,,1283,,320
20083,6614,4364,,,140,,,,,,,534,2969,115,1127,,521,,
20086,12252,756,323,,70,,,696,78,,,1462,227,365,155,,,,
20092,11597,367,,,,,,,,,,,2594,,,,1826,,
20093,7095,744,,,,,,681,,,,546,635,66,485,,6132,,
20095,12875,2500,,,,,,,324,,,,,,685,,,,
20096,6006,314,,,,,,3086,,,,4284,608,,1016,,1070,,
20105,10946,3690,,51,,,,538,74,,,936,,61,,,,,88
20107,11225,93,82,,328,,,,31,,,4297,,,328,,,,
20119,11626,1736,,,,598,,,1247,,,182,,,384,,123,,488
20120,10031,122,,,,,,,,,,92,317,,120,,5702,,
20126,11433,370,,,,,,,3234,,,24,,,,,,,1323
20129,13004,1416,,,,,,,,,683,,90,,1191,,,,
20134,12565,944,,607,61,,,,1192,,105,114,131,376,75,,,,214
20138,7993,,,1887,557,,,,,,,,666,,,91,5190,,
20152,15224,134,,,,,113,,227,,,,,,,,,,686
20157,11124,435,,,,,,,,,,46,,,,,4412,,367
20158,10735,2088,410,,,,,,890,,,,,,909,,1352,,
20161,6048,959,,2217,,,,2756,289,,,3820,,,295,,,,
20162,8468,473,1185,517,49,,,269,1147,,,1660,614,,2002,,,,
20170,3875,2794,,,1446,,,1047,1429,,,,39,,103,,5651,,
20175,10296,1455,244,,,269,,404,1055,,,1918,707,,,,36,,
20177,8699,7493,,,,,,,,,76,,,,,,,,116
20179,11602,116,,,,,269,,3364,,,,,,1033,,,,
20186,13760,633,,,,,,,596,,,,,,369,,768,258,
20196,10744,1268,,,,,92,,2850,,,468,35,,795,,132,,
20197,9173,1239,,,64,,2284,,2574,,,,327,,723,,,,
20230,12197,,,,,,,642,,,,958,1034,,1553,,,,
20234,11561,1334,,,,,959,,789,,,622,,,436,,470,,213
20236,11728,467,,,,,,,1856,,,,159,,,,2174,,
20237,12426,,,,,,,1041,,,,2701,216,,,,,,
20239,10169,526,,,1123,,,1054,,,,,1276,,,,2236,,
20246,13238,742,,,,,,,1696,,,,334,35,191,,148,,
20250,14036,2130,,,97,,,,,,,,,,121,,,,
20261,11021,753,,162,278,,,324,,,,3187,,,659,,,,
20264,6625,38,,,,,,,8444,,,1277,,,,,,,
20268,10259,57,,,,,,,,,,,963,,,,5105,,
20273,12163,91,,,,,,687,,,,699,2414,,141,,,,189
20279,5046,5971,,,,,,3377,,,,,,,1990,,,,
20293,9480,3453,,,981,,,,,,,271,840,,1359,,,,
20296,6661,2733,1697,,1210,,,,2369,,,,,,1714,,,,
20306,12575,922,649,,,,468,,800,,,480,118,,305,,67,,
20308,7558,2495,,,,,,311,2622,,,1203,1342,,690,,163,,
20323,11319,2335,,423,,,,1223,,454,,397,,,233,,,,
20324,10600,787,,,,,127,,3723,,,196,951,,,,,,
20327,10671,3478,,,,,,,,,178,,,,2057,,,,
20329,12574,2608,,,127,,243,,,,,,,,832,,,,
20335,11278,716,261,,,,57,,2522,,,,,,,,1550,,
20337,11571,2347,,,,,,,,,,,175,,1906,,385,,
20339,11045,673,,,,,,492,1450,,,2406,234,,84,,,,
20352,13598,86,,,,,,,40,,,,,,,,2498,,162
20355,10621,698,,304,,,,1617,40,230,,2031,352,,141,,,,350
20377,11507,248,,,,,,,,,,113,,,996,,3520,,
20379,13229,1052,327,,,,,,,,,,1121,,,,655,,
20381,13815,409,,,183,,,499,315,,,643,,,,520,,,
20387,10309,654,,47,154,,,487,4122,,,332,,,185,,,,94
20391,12081,989,505,,989,,242,,,,,608,,,672,,,,298
20393,6392,,75,,,,,963,2360,,,1572,,,,,5022,,
20396,12162,,,,,,,,,,,,4070,,152,,,,
20410,14174,1731,,,479,,,,,,,,,,,,,,
20429,10251,6133,,,,,,,,,,,,,,,,,
20438,11000,,,,149,,,,4352,,265,58,,,432,,128,,
20442,8293,133,,,,,,,7923,,,,,,,,35,,
20447,12702,260,,,,,,2694,,,,728,,,,,,,
20453,7667,839,27,,115,,,161,7052,,,147,91,,285,,,,
20455,9792,316,,,,,,,6130,,,,,,,,146,,
20456,10312,587,,,47,,,,5370,,,,26,,,,42,,
20461,11098,1922,808,,,,,,,,,985,,,970,,601,,
20470,5952,4854,,,,,,,1663,,,426,222,,755,,2100,412,
20472,15509,291,,,60,,,,,,,,,,466,,58,,
20476,13002,28,,,,,,,2021,,,,268,,147,,918,,
20477,8788,4787,,,,,,,,,,,34,,1100,,1675,,
20488,9153,132,,,,,,,4065,,,,,,,,3034,,
20504,9088,2272,,,290,,,,3658,,158,,36,212,347,,323,,
20505,9175,52,,,,,838,,,,,1543,,,,,4776,,
20510,10354,2428,131,,1591,,,,414,,,,175,,1291,,,,
20518,13658,1583,,,,,,,,,,,,,762,,,381,
20526,15067,,,,,,,,454,,,,,,99,,764,,
20540,11405,221,,,,,,1222,,,,930,,,2606,,,,
20544,13707,,123,,,,,,,,,,,,,,2554,,
20546,13580,111,,,,,,2101,,,,592,,,,,,,
20548,11885,1128,,,,,,,3123,,,,,,188,,,,60
20551,11110,,,,,,,,,,,5274,,,,,,,
20559,3495,7454,,,,,,,1030,,,970,2841,,322,,272,,
20569,14771,,,,,,,,657,,,,,,,,956,,
20592,9594,1938,2153,,,,,,,,,,,,2699,,,,
20594,7121,3905,,,,,,,,,956,1398,,,,,3004,,
20608,13694,2164,,,,,,,,,,,,,484,,,,42
20635,14422,,,,,,,,,,,,,,1962,,,,
20639,11081,657,,,1586,,,,,,,2867,193,,,,,,
20641,8481,379,,,,,,,,,,289,,,,,7235,,
20642,9158,7226,,,,,,,,,,,,,,,,,
20643,11099,414,,,,,,,2690,,,,,,2181,,,,
20645,14139,355,,,,,,,,,,,249,,716,,925,,
20648,12094,187,,,,,,,3760,,,,,,343,,,,
30005,7751,2329,440,2465,1282,,,,,,,,387,469,,1261,,,
30006,4399,6583,604,,1607,,159,,,,187,,,,1933,,,912,
30008,6634,1605,1728,1620,1177,1844,215,530,,,,,,,,383,,,648
30009,4873,534,5837,627,221,1247,237,1843,,,,,,,327,,,199,439
30011,7331,4157,299,3189,598,,,295,,,,,,,,,,515,
30016,4356,1449,2808,660,3499,2737,,,,,316,,,,413,146,,,
30023,6265,4826,369,1855,,208,,,,,257,,,,,2604,,,
30026,8514,889,336,3145,,,1293,,,,,,,,994,655,,,558
30032,4239,8997,,1100,281,,121,,,,1468,,,,87,,,,91
30034,12282,2184,,150,,,,,,,,,1055,223,,490,,,
30035,6560,1317,570,967,800,291,,1142,,,,,,,,,,,4737
30049,4465,7520,638,1125,564,,,,,,,,,,1674,141,,,257
30050,7885,3090,,1917,778,,,,,,,,,,81,989,,1644,
30051,5957,3970,1032,3240,,,,,,,1287,,,,,,,898,
30053,9034,2411,3070,1022,,187,91,176,,,,,,,,148,,245,
30054,7259,7492,474,,,,,,,,,,,,452,,,707,
30057,12338,3299,113,74,117,,,,,,,,69,,,,,161,213
30063,8225,3904,3088,485,43,,,,,,,,,,,639,,,
30068,7664,3544,829,1990,539,,,,,,651,,,,549,191,,,427
30070,11328,3502,,,,,,199,,,,,,,1193,162,,,
30074,12579,3175,,,630,,,,,,,,,,,,,,
30077,9719,2660,173,1791,185,,,90,,,209,,1196,361,,,,,
30090,11301,396,816,353,1480,829,,,,,,,,,,1209,,,
30091,2903,2310,2028,3281,1991,477,,,,,,,,,114,3280,,,
30096,6536,4006,1300,1915,1078,238,,,,,,,,,,362,,949,
30100,5682,5035,920,2723,458,255,432,,,,109,,,,,770,,,
30105,9173,3353,822,492,70,,,,,,,,,,,2111,,363,
30107,5201,8843,,359,,,,,,,489,,,,,,,1492,
30116,7471,6903,239,248,161,387,,,,,,,,,,,,975,
30128,7519,5080,385,988,619,,,,,,,,,,,,,1793,
30129,4927,930,4968,2968,999,,,,,,,,,,653,939,,,
30130,8284,3403,1481,411,1010,,40,,1395,,166,,,,150,,,,44
30131,5824,4379,2251,207,1573,844,,,,,396,,,,156,754,,,
30136,2889,778,5036,3940,1074,,213,,,,,,,,477,1977,,,
30137,7185,3513,228,373,1661,,,,,,2192,,,,,,,,1232
30143,6767,5285,465,1409,486,,,,,,1787,,,,,,,,185
30147,6032,5621,1018,497,562,878,,243,737,,,,,,208,,,,588
30159,6310,8363,100,,531,,,,,,599,,,,298,,,183,
30168,4759,2681,3858,3762,,476,,155,,,,,220,,473,,,,
30172,5187,7599,364,1116,348,554,,,,,162,,,,,,,1054,
30178,2372,,2541,2113,,6698,,,,,,,,,,2660,,,
30204,2606,1321,3146,1737,1989,462,,,,,,,,,220,4903,,,
30214,11340,2506,,1212,,,,,682,,,,,,361,,,,283
30220,7025,3811,1394,3551,,,,,,,,,,,603,,,,
30225,8432,7952,,,,,,,,,,,,,,,,,
30228,9824,6560,,,,,,,,,,,,,,,,,
30229,8314,7591,,479,,,,,,,,,,,,,,,
30233,9181,5148,130,995,251,,,,,,,,,,,,,679,
30234,7345,5198,476,1528,1126,,,,,,353,,,,,358,,,
30235,6920,6266,659,1571,,,,,,,894,,,,74,,,,
30237,12331,4053,,,,,,,,,,,,,,,,,
30242,8616,7768,,,,,,,,,,,,,,,,,
30250,8782,532,742,4497,,,454,,,,,,,,,1377,,,
30256,6901,1284,1175,3918,1237,1105,,,,,,,,,,764,,,
30261,7605,6969,,,,,,,,,1103,,,,,,,421,286
30266,9839,1844,,,303,,,,3914,,,,,,309,,,,175
30280,5046,1805,2393,4847,397,876,,,,,,,,,,709,,311,
30283,3049,2503,4347,4525,1153,,,,,,,,,,,807,,,
30293,10225,1076,,,,,,,5083,,,,,,,,,,
30301,8333,5966,,,,,,,,,1782,,,,,,,,303
30302,9903,525,731,3712,,376,72,150,,,49,,,,63,803,,,
30303,12641,1808,264,718,,,,,,,69,,315,446,123,,,,
30304,4161,5421,1976,2029,1338,575,,,,,526,,,,,,,358,
30312,7217,7014,,616,,,,,,,1333,,,,31,,,173,
30324,4506,5103,2815,1597,1446,,,,,,255,,,,,368,,294,
30340,9596,1876,582,436,,2135,,412,,,,,,,280,1067,,,
30341,8994,4059,1554,474,,834,,,,,,,,,,,,342,127
30346,6890,8344,,467,466,,,,,,89,,,,128,,,,
30365,13788,969,,,,,,,1475,,,,,28,124,,,,
30374,12349,2879,,173,,,,,,,983,,,,,,,,
30375,4980,8050,290,1477,250,,,,,,1178,,,,159,,,,
30383,10107,2396,704,1444,340,,,,,,,,,,,1393,,,
30384,7555,3410,1111,2448,215,,698,,,,696,,,,251,,,,
30398,7954,2189,2097,3860,,,,,,,,,,,,284,,,
30400,4786,10287,,1100,,,,,,,211,,,,,,,,
30403,7096,7394,70,,359,,,,112,,,,,22,248,1083,,,
30404,11821,4207,,,,,,,,,,,,,,,,,356
30408,11464,3934,671,,,,,,,,,,,,,,,,315
30412,4645,1955,2377,4816,,1018,,448,,,557,,,,568,,,,
30413,15259,709,,,,,,,,,,,,,,,,,416
30417,7294,1048,2769,2575,150,,,804,,,,,,,,1744,,,
30420,6349,7217,1536,,711,,,,,,,,,,571,,,,
30422,7003,1590,2469,1933,1100,,,,,,,,,,261,2028,,,
30425,5018,1412,3492,2070,611,,,150,,,,,,,,3631,,,
30431,4311,11263,61,679,,,,,,,70,,,,,,,,
30432,8557,6269,,385,,,,,,,1147,,,,26,,,,
30438,8850,1182,433,1265,2142,633,,,,,,,,,,1879,,,
30441,7093,1970,2750,1126,888,,,,,,,,,,416,2141,,,
30449,8921,4834,277,1819,,300,,,,,233,,,,,,,,
30453,5798,8535,,,,269,,,,,,,,51,,1731,,,
30464,6194,451,3531,2514,1161,382,,,,,,,,,,2151,,,
30466,2946,10831,,383,1781,,,,,,147,,,,,,,296,
30484,8176,5039,,,440,,,,,,1565,,,,1164,,,,
30487,12458,1345,909,915,108,273,,,,,,22,205,,,,,,149
30488,9799,1652,152,1566,599,,,,2135,,,,,,481,,,,
30490,3618,5778,2130,2924,,465,,,,,868,,,,,,,601,
30492,2629,126,5595,6585,,101,,,,,,,,,,1348,,,
30503,10220,2351,,1134,846,,,,,,,,,,,1833,,,
30510,8656,1604,3416,677,,,,,,,,,,,,2031,,,
30511,5425,3511,2863,3170,832,,,,,,,,,,,583,,,
30514,3074,5298,2262,3153,1507,,,264,,,74,,,,752,,,,
30517,8963,752,,,,,,,6669,,,,,,,,,,
30520,4868,9192,,802,102,,,,900,,520,,,,,,,,
30521,6113,541,1546,3772,66,211,,,,,,,,,1275,2860,,,
30522,7187,5780,398,435,,,648,,,,1936,,,,,,,,
30524,6108,4419,1576,2158,378,,,,,,,,,,594,1151,,,
30538,6107,5302,678,2570,957,569,,,,,,,,,,,,201,
30540,5632,5174,1132,2149,629,997,,,,,671,,,,,,,,
30543,13371,1439,,,,,,,1275,,144,,,,26,,,129,
30547,12326,1273,,288,,543,,812,,,,,,,,1142,,,
30553,10915,5198,,36,,,,,,,,,,,,,,235,
30554,4850,4678,1989,2517,382,675,,,,,,,,,,1293,,,
30560,6469,9638,,,,,,,,,,,,,,,,277,
30564,6862,3843,2743,1868,281,,,132,,,363,,,,292,,,,
30577,6629,9233,,,,,,,,,,,,,,,,522,
30583,5602,3208,2358,1320,,2288,,,,,,,,,,1608,,,
30593,9857,6223,,,,,,,,,,,,,,,,304,
30600,14211,1947,,,,,,,,,,,,,,,,226,
30601,8977,3388,276,,593,,,,2540,,503,,,,107,,,,
30603,6043,8681,,255,,,,,92,,,,,,1074,,,,239
30606,11071,1216,751,1353,234,520,,,,,610,,,,224,405,,,
30609,6935,1699,1852,3664,299,1329,,,,,,,,,606,,,,
30610,9400,1706,1935,2430,,813,,,,,,,,,,,,,100
30612,7423,2566,2459,1314,,672,,,,,,,,,,1950,,,
30617,4021,5676,2179,3121,287,325,,,,,,,,,,,,,775
30623,5848,2884,1847,4920,,,,552,,,,,,,,,,333,
30625,9315,6929,,,89,,,,,,,,,51,,,,,
30628,14032,1567,,,,,,,,,401,,,,135,,,249,
30629,7378,8674,,,332,,,,,,,,,,,,,,
30638,7127,913,1423,3527,,2666,,,,,,,,,677,51,,,
30648,7310,3518,2027,3106,109,,,,,,,,,,,,,,314
30650,4635,11749,,,,,,,,,,,,,,,,,
30651,5658,9997,,151,358,,,,,,220,,,,,,,,
30654,7730,8030,,624,,,,,,,,,,,,,,,
30655,9107,4702,595,655,346,,,,,,,,,,117,862,,,
30657,2661,2221,2729,2831,550,4785,,,,,,,,,,607,,,
30666,6813,2054,2050,2296,1080,,,843,,,,,,,1248,,,,
30673,5169,4316,2351,2598,338,,,352,,,737,,,,,523,,,
30681,13361,3023,,,,,,,,,,,,,,,,,
30682,3656,11480,227,,197,,,,,,824,,,,,,,,
30683,9089,6529,,,,,259,,,,,,,,,,,507,
30685,6958,1197,5162,,,960,,,,,,,,,,2107,,,
30686,9710,5748,126,,526,,,,,,74,,,,,,,200,
30687,9363,7021,,,,,,,,,,,,,,,,,
30694,5332,3193,1436,1471,1323,2033,,,,,586,,,,1010,,,,
30698,8844,4174,869,,,,,1111,1386,,,,,,,,,,
30702,6301,5251,989,1890,,,,,,,666,,,,,1287,,,
30703,9546,5829,,,,,,,,,,,,,,,,1009,
30716,13139,3245,,,,,,,,,,,,,,,,,
30724,4456,10214,,,,,,,,,1036,,,,678,,,,
30726,3803,1540,422,5997,,,,,,,,,,,,4622,,,
30727,2515,9479,579,999,976,1557,,,,,,,,,,279,,,
30731,7960,7088,,565,,,309,,,,462,,,,,,,,
30734,7643,5941,402,484,733,,,,,,1181,,,,,,,,
30736,9210,5409,908,,203,,,,,,654,,,,,,,,
40004,3302,,2527,5713,,,,,,2043,1393,,359,125,922,,,,
40008,4051,325,662,8921,316,,,258,,514,,,,1337,,,,,
40013,4290,414,3455,5229,340,481,,,,1569,,,,502,104,,,,
40017,3183,277,3623,5095,,252,206,,,976,,,741,436,1122,473,,,
40020,4937,674,3341,4567,264,,336,,,1430,,,,620,215,,,,
40024,6133,,1828,6529,169,,,,,1152,,,391,182,,,,,
40026,3863,3235,3379,2067,683,2036,,,,118,,,,,899,,,,104
40029,10686,280,205,3619,,,,,,,,,,917,363,314,,,
40041,4470,867,3677,3836,242,1201,,88,581,780,,,544,71,,,27,,
40047,3520,1419,3324,5960,715,173,,133,,756,,,125,66,87,,79,27,
40050,8718,966,1374,4457,,,,,,,,,74,455,,320,20,,
40062,5181,2070,1413,4906,,,,,,355,,359,,,209,79,,286,1526
40066,3735,1510,5725,870,498,,3524,,,,,,,,522,,,,
40071,9962,390,2035,3042,,,,,,,,,280,410,107,,158,,
40076,4397,95,2177,7947,215,,98,,,358,,,878,,,219,,,
40077,7851,1079,467,4578,,,,131,418,431,,1252,,,177,,,,
40092,10712,453,1327,435,,,,,2438,,,188,,,141,634,,,56
40101,12473,1762,,,,,,,,,,,,,,,,776,1373
40102,7929,6296,,,,,,,,,1443,,,,,,,716,
40112,2527,1272,335,11201,,,,,,,,,36,128,,885,,,
40113,3586,41,852,9127,21,,,,,841,,,,897,777,242,,,
40115,4627,1261,1964,7068,482,78,,,,,828,76,,,,,,,
40119,9091,1332,2402,2990,115,,,385,,,,,,69,,,,,
40123,2863,539,4303,4933,1845,1607,,,,,275,,,,,,19,,
40124,5050,1136,3544,2508,,353,1527,2016,,,,,,,,250,,,
40130,10418,235,1494,686,,243,,,2456,801,,,,,,51,,,
40135,4609,1304,4314,2517,272,2346,,,,,,,,,,638,,,384
40137,7589,1734,515,4372,61,,,,,1845,,,268,,,,,,
40139,7428,3440,731,3602,286,388,,,,,,,131,,,378,,,
40140,4717,5310,1778,1475,545,1453,1106,,,,,,,,,,,,
40147,3495,1471,1015,8000,,,,,,,,,173,,208,1725,,297,
40150,6923,3908,1458,2146,,848,,,,,902,,,,,,,199,
40152,13982,1066,,954,,,,,,,,,,166,,,,,216
40154,5515,124,2677,5780,407,,,,,1380,,,501,,,,,,
40155,9546,3154,273,1382,78,53,,,,,188,,1710,,,,,,
40164,6175,949,1202,6296,,,327,256,,,,,,,,1179,,,
40167,5696,1370,1028,6994,35,,,,,748,180,,,283,50,,,,
40170,6838,3556,467,1913,542,,1437,568,,,336,,,,595,,,132,
40171,5329,606,1460,8004,316,,,,,,,,,134,41,494,,,
40174,7759,1609,1706,3979,,159,,,,,,,624,,225,323,,,
40178,6553,82,2701,4299,244,,,,,1122,,,1304,79,,,,,
40199,4990,6514,717,1612,1376,495,75,302,,,,,,,303,,,,
40204,4144,6717,3388,898,341,,,,,,896,,,,,,,,
40217,10142,964,507,1665,842,641,,,,,1568,,,,55,,,,
40229,10398,1788,1297,1646,244,104,,,266,,456,,,,,,,185,
40230,6593,273,435,7910,481,,,,,,,,,40,53,599,,,
40237,11010,5374,,,,,,,,,,,,,,,,,
40238,3018,745,3522,7741,,,,,,,,76,,479,506,297,,,
40243,12521,3863,,,,,,,,,,,,,,,,,
40249,7268,9116,,,,,,,,,,,,,,,,,
40255,5750,6699,42,2819,123,,435,,,,242,,,,274,,,,
40259,14379,2005,,,,,,,,,,,,,,,,,
40260,13291,3093,,,,,,,,,,,,,,,,,
40262,15199,1185,,,,,,,,,,,,,,,,,
40267,11451,2624,,1661,363,,,,206,,,,,,,,,,79
40269,4741,89,1805,8132,,,,,,408,,,,,205,943,61,,
40270,7480,386,1097,6458,,271,,,,,,,,651,41,,,,
40277,10895,2199,978,1449,282,45,,536,,,,,,,,,,,
40289,7640,4561,1106,,,2122,657,,,,,,,,298,,,,
40300,5504,1900,4685,,363,394,,2066,,,,,,,,,1472,,
40303,7805,1161,,4867,184,,,,,1853,,,30,,,484,,,
40316,7296,4125,1806,1903,,,,,,,947,,,,307,,,,
40320,10432,343,51,933,,124,,,3360,,,,954,,,,187,,
40324,9508,432,846,4118,,26,,,1270,,,50,,,134,,,,
40328,12263,,,,,,,,4121,,,,,,,,,,
40330,8122,3026,681,3601,,,362,,,,,,,,,,,592,
40333,4892,150,,10444,,,,,,,,,,122,,776,,,
40336,6888,2959,2849,,,,332,781,,,1782,,,,793,,,,
40349,14256,1125,,512,,,,,,,,,383,,,,,108,
40352,12733,3322,,,,,,,,,,,,,,,,,329
40360,3242,4446,5012,772,2093,407,150,262,,,,,,,,,,,
40365,3591,4410,2752,5200,,,,,,161,,270,,,,,,,
40372,7014,838,1523,4758,1451,519,,,,,,,,,,281,,,
40381,10083,5323,,,,,,,,,546,,,,,,,432,
40386,7875,5720,,2706,,,,,,,,,,83,,,,,
40387,4935,5251,1739,2412,771,,,,,,,,,,,,,1276,
40389,9669,4383,822,563,422,,215,,,,,,,,,,,,310
40392,5527,6390,323,657,705,,,,,,1786,,,,996,,,,
40397,10656,,,,,,,,5728,,,,,,,,,,
40398,5479,3258,2912,1341,772,,,,,,2429,,,,,,,193,
40399,4484,368,1829,7401,,570,,,,,,,,,1082,650,,,
40409,8076,1301,1399,5326,,,152,,,,,,,,,130,,,
40415,3774,5601,4705,232,1460,,,,,,,,,,48,292,,272,
40416,3381,2192,3543,3299,2647,541,,,,,781,,,,,,,,
40419,11279,4716,,,,,,,,,389,,,,,,,,
40421,9287,6001,71,740,,,,,,,,,,69,216,,,,
40427,3973,11103,,1174,,,,,,,,,,,59,,,,75
40443,6290,2317,2194,2466,164,224,,,363,,,,217,,,2149,,,
40445,10817,3490,499,741,232,,,,,,605,,,,,,,,
40449,8296,8008,,,,,,,,,,,80,,,,,,
40450,10113,1241,1634,2066,843,,,,,,,,,,487,,,,
40451,8124,664,643,5821,240,,,,,631,,,,98,56,,,107,
40454,10493,1036,3163,218,1135,,,,,,,,,,,,,,339
40457,6466,5566,1706,823,629,645,,,,,,,,,549,,,,
40463,9625,4932,,1232,,,,,,,,,,,595,,,,
40464,6211,9304,,,453,103,,,,,,,,,81,,,,232
40465,11655,86,804,1202,28,364,,,2129,,,,116,,,,,,
40472,9429,6759,,,,,,,,,,,27,,169,,,,
40480,6690,7490,,493,,,,,,,1166,,,,545,,,,
40510,8695,4362,176,1995,,,,,,,1156,,,,,,,,
40522,9451,6933,,,,,,,,,,,,,,,,,
40525,12890,1877,,,,,,,,,1617,,,,,,,,
40527,10891,1995,2405,,672,,,,,,318,,103,,,,,,
40529,13769,2343,272,,,,,,,,,,,,,,,,
40534,13821,2563,,,,,,,,,,,,,,,,,
40536,12722,3662,,,,,,,,,,,,,,,,,
40539,5834,4297,1761,3128,,,,825,,,387,,152,,,,,,
40540,15346,1038,,,,,,,,,,,,,,,,,
40541,14000,2384,,,,,,,,,,,,,,,,,
40546,12381,4003,,,,,,,,,,,,,,,,,
40549,10919,,929,4317,,,,,,219,,,,,,,,,
40560,12357,4027,,,,,,,,,,,,,,,,,
40561,15628,756,,,,,,,,,,,,,,,,,
